Multi-reference mode: Off
Inclusion Radius: 15
Sequence separation: 0
Cutoffs: 0.5, 1, 2, 4
Residue properties label: locallddt
File: 9_rank1_altered.pdb_preprocessed
Average Z-Score for bond lengths: 0.14625
Bonds outside of tolerance range: 8 out of 8195
Bond	Avg Length	Avg zscore	Num Bonds
C-C	1.51050   	0.13487   	4494
C-N	1.43345   	0.17361   	1894
C-O	1.25421   	0.13926   	1751
C-S	1.81766   	0.35207   	56
Average Z-Score angle widths: -0.05347
Angles outside of tolerance range: 0 out of 9070
4 non-bonded short-range distances shorter than tolerance distance
Distances shorter than tolerance are on average shorter by: -0.02407
Coverage: 0.99165 (1187 out of 1197 residues)
Global LDDT score: 0.8728
(3780504 conserved distances out of 4331584 checked, over 4 thresholds)
Local LDDT Scores:
(A 'Yes' in the 'Quality Problems' column stands for problems
in the side-chain of a residue, while a 'Yes+' for problems
in the backbone)
Chain	ResName	ResNum	Asses.	Q.Prob.	Score	(Conserved/Total, over 4 thresholds)
A	MET	1	Yes	No	0.804118	(4413/5488)
A	ASP	2	Yes	No	0.737065	(3476/4716)
A	PRO	3	Yes	No	0.760029	(4244/5584)
A	PRO	4	Yes	No	0.73493	(3804/5176)
A	SER	5	Yes	No	0.839107	(4021/4792)
A	LEU	6	Yes	No	0.911365	(8308/9116)
A	ASP	7	Yes	No	0.833743	(8134/9756)
A	THR	8	Yes	No	0.777293	(6237/8024)
A	ALA	9	Yes	No	0.87225	(6186/7092)
A	ILE	10	Yes	No	0.921857	(12611/13680)
A	GLN	11	Yes	No	0.823681	(11179/13572)
A	HIS	12	Yes	No	0.800263	(10954/13688)
A	ALA	13	Yes	No	0.918816	(8409/9152)
A	LEU	14	Yes	No	0.944368	(15125/16016)
A	ALA	15	Yes	No	0.870461	(7479/8592)
A	GLY	16	Yes	No	0.871712	(6231/7148)
A	LEU	17	Yes	No	0.97056	(16022/16508)
A	TYR	18	Yes	No	0.973839	(25238/25916)
A	PRO	19	Yes	No	0.943058	(11113/11784)
A	PRO	20	Yes	No	0.888789	(8927/10044)
A	PHE	21	Yes	No	0.846826	(14728/17392)
A	GLU	22	Yes	No	0.727013	(8128/11180)
A	ALA	23	Yes	No	0.849311	(5918/6968)
A	THR	24	Yes	No	0.908594	(10805/11892)
A	ALA	25	Yes	No	0.854317	(7084/8292)
A	PRO	26	Yes	No	0.800865	(8518/10636)
A	THR	27	Yes	No	0.909871	(11246/12360)
A	VAL	28	Yes	No	0.929748	(13433/14448)
A	LEU	29	Yes	No	0.844718	(12441/14728)
A	GLY	30	Yes	No	0.808731	(5687/7032)
A	GLN	31	Yes	No	0.917046	(16936/18468)
A	VAL	32	Yes	No	0.916667	(12375/13500)
A	PHE	33	Yes	No	0.807269	(13194/16344)
A	ARG	34	Yes	No	0.871405	(13451/15436)
A	LEU	35	Yes	No	0.839433	(10963/13060)
A	LEU	36	Yes	No	0.889605	(9807/11024)
A	ASP	37	Yes	No	0.816495	(6029/7384)
A	SER	38	Yes	No	0.934149	(5575/5968)
A	GLY	39	Yes	No	0.95748	(4301/4492)
A	PHE	40	Yes	No	0.967138	(13126/13572)
A	GLN	41	Yes	No	0.950903	(5268/5540)
A	GLY	42	Yes	No	0.89502	(3666/4096)
A	ASP	43	Yes	No	0.938544	(7865/8380)
A	GLY	44	Yes	No	0.946575	(5085/5372)
A	LEU	45	Yes	No	0.971025	(8378/8628)
A	SER	46	Yes	No	0.971401	(7099/7308)
A	PHE	47	Yes	No	0.966305	(18727/19380)
A	LEU	48	Yes	No	0.982015	(12067/12288)
A	LEU	49	Yes	No	0.990344	(9333/9424)
A	ASP	50	Yes	No	0.972071	(9293/9560)
A	PHE	51	Yes	No	0.978305	(20427/20880)
A	LEU	52	Yes	No	0.98116	(15467/15764)
A	ILE	53	Yes	No	0.981093	(11416/11636)
A	PRO	54	Yes	No	0.992562	(10676/10756)
A	ALA	55	Yes	No	0.987544	(9990/10116)
A	LYS	56	Yes	No	0.921689	(14253/15464)
A	ARG	57	Yes	No	0.954222	(13424/14068)
A	LEU	58	Yes	No	0.992131	(14247/14360)
A	CYS	59	Yes	No	0.986973	(12349/12512)
A	GLU	60	Yes	No	0.899472	(12956/14404)
A	GLN	61	Yes	No	0.947631	(11599/12240)
A	VAL	62	Yes	No	0.988821	(12914/13060)
A	ARG	63	Yes	No	0.915114	(18079/19756)
A	GLU	64	Yes	No	0.842818	(10515/12476)
A	ALA	65	Yes	No	0.955924	(6680/6988)
A	ALA	66	Yes	No	0.970818	(8217/8464)
A	CYS	67	Yes	No	0.926364	(8215/8868)
A	ALA	68	Yes	No	0.827534	(4899/5920)
A	PRO	69	Yes	No	0.802833	(6914/8612)
A	TYR	70	Yes	No	0.819392	(13969/17048)
A	SER	71	Yes	No	0.623507	(4175/6696)
A	HIS	72	Yes	No	0.621426	(6433/10352)
A	CYS	73	Yes	No	0.726204	(5066/6976)
A	LEU	74	Yes	No	0.724474	(6613/9128)
A	PHE	75	Yes	No	0.902444	(14107/15632)
A	LEU	76	Yes	No	0.907187	(8230/9072)
A	HIS	77	Yes	No	0.932685	(13994/15004)
A	GLU	78	Yes	No	0.90907	(11727/12900)
A	GLY	79	Yes	No	0.97158	(7897/8128)
A	TRP	80	Yes	No	0.970783	(26083/26868)
A	PRO	81	Yes	No	0.988622	(16075/16260)
A	LEU	82	Yes	No	0.986329	(19407/19676)
A	CYS	83	Yes	No	0.977914	(12885/13176)
A	LEU	84	Yes	No	0.968684	(14662/15136)
A	ARG	85	Yes	No	0.807833	(11077/13712)
A	ASP	86	Yes	No	0.933872	(10747/11508)
A	GLU	87	Yes	No	0.962787	(15239/15828)
A	VAL	88	Yes	No	0.968224	(15174/15672)
A	VAL	89	Yes	No	0.978831	(17478/17856)
A	VAL	90	Yes	No	0.981472	(18593/18944)
A	HIS	91	Yes	No	0.980671	(23744/24212)
A	LEU	92	Yes	No	0.975476	(18456/18920)
A	ALA	93	Yes	No	0.979001	(9837/10048)
A	PRO	94	Yes	Yes+	0	(0/0)
A	LEU	95	Yes	No	0.967471	(13800/14264)
A	ASN	96	Yes	No	0.950124	(9201/9684)
A	PRO	97	Yes	No	0.941047	(8093/8600)
A	LEU	98	Yes	No	0.943214	(6561/6956)
A	LEU	99	Yes	No	0.957721	(9378/9792)
A	LEU	100	Yes	No	0.956103	(11718/12256)
A	ARG	101	Yes	No	0.969527	(11390/11748)
A	GLN	102	Yes	No	0.970152	(9166/9448)
A	GLY	103	Yes	No	0.989837	(6331/6396)
A	ASP	104	Yes	No	0.976469	(13030/13344)
A	PHE	105	Yes	No	0.976991	(23991/24556)
A	TYR	106	Yes	No	0.951667	(23982/25200)
A	LEU	107	Yes	No	0.98257	(20351/20712)
A	GLN	108	Yes	No	0.961531	(18646/19392)
A	VAL	109	Yes	No	0.974406	(15571/15980)
A	GLU	110	Yes	No	0.939791	(14360/15280)
A	PRO	111	Yes	No	0.973383	(10532/10820)
A	GLN	112	Yes	No	0.952799	(8781/9216)
A	GLU	113	Yes	No	0.969037	(6322/6524)
A	GLU	114	Yes	No	0.940329	(6067/6452)
A	GLN	115	Yes	No	0.980943	(7824/7976)
A	SER	116	Yes	No	0.988184	(6858/6940)
A	VAL	117	Yes	No	0.979866	(11096/11324)
A	CYS	118	Yes	No	0.975472	(9704/9948)
A	ILE	119	Yes	No	0.97735	(16095/16468)
A	MET	120	Yes	No	0.969966	(13855/14284)
A	ILE	121	Yes	No	0.966794	(16246/16804)
A	LYS	122	Yes	No	0.94596	(16157/17080)
A	CYS	123	Yes	No	0.97241	(10362/10656)
A	LEU	124	Yes	No	0.886423	(9428/10636)
A	SER	125	Yes	No	0.959761	(6273/6536)
A	LEU	126	Yes	No	0.960019	(6171/6428)
A	ASP	127	Yes	No	0.936876	(4883/5212)
A	LEU	128	Yes	No	0.941768	(5903/6268)
A	CYS	129	Yes	No	0.960394	(3807/3964)
A	THR	130	Yes	No	0.950825	(5994/6304)
A	VAL	131	Yes	No	0.958462	(8699/9076)
A	ASP	132	Yes	No	0.866051	(9291/10728)
A	LYS	133	Yes	No	0.895087	(10895/12172)
A	LYS	134	Yes	No	0.968416	(13062/13488)
A	PRO	135	Yes	No	0.978906	(9374/9576)
A	VAL	136	Yes	No	0.987749	(11691/11836)
A	PRO	137	Yes	No	0.984549	(8475/8608)
A	GLU	138	Yes	No	0.986206	(9223/9352)
A	PRO	139	Yes	No	0.980405	(6004/6124)
A	ALA	140	Yes	No	0.992962	(6772/6820)
A	TYR	141	Yes	No	0.991781	(18463/18616)
A	PRO	142	Yes	No	0.969488	(8706/8980)
A	ILE	143	Yes	No	0.980481	(11001/11220)
A	LEU	144	Yes	No	0.974092	(16205/16636)
A	PHE	145	Yes	No	0.987681	(24052/24352)
A	THR	146	Yes	No	0.955269	(10806/11312)
A	GLN	147	Yes	No	0.911173	(10227/11224)
A	GLU	148	Yes	No	0.908894	(8809/9692)
A	TRP	149	Yes	No	0.992397	(24540/24728)
A	LEU	150	Yes	No	0.986792	(12552/12720)
A	GLU	151	Yes	No	0.965498	(8759/9072)
A	ALA	152	Yes	No	0.991237	(5543/5592)
A	ILE	153	Yes	No	0.987529	(11799/11948)
A	ASN	154	Yes	No	0.991942	(10217/10300)
A	SER	155	Yes	No	0.940457	(4612/4904)
A	ASP	156	Yes	No	0.943855	(6758/7160)
A	PHE	157	Yes	No	0.973138	(13223/13588)
A	GLU	158	Yes	No	0.939422	(6110/6504)
A	GLY	159	Yes	No	0.943953	(3840/4068)
A	ASN	160	Yes	No	0.975991	(8171/8372)
A	PRO	161	Yes	No	0.993307	(8459/8516)
A	LEU	162	Yes	No	0.990932	(13659/13784)
A	HIS	163	Yes	No	0.986492	(13511/13696)
A	ASN	164	Yes	No	0.966729	(12378/12804)
A	CYS	165	Yes	No	0.9657	(12388/12828)
A	LEU	166	Yes	No	0.966396	(14983/15504)
A	VAL	167	Yes	No	0.917209	(12973/14144)
A	ALA	168	Yes	No	0.964559	(9063/9396)
A	SER	169	Yes	No	0.937881	(8002/8532)
A	GLU	170	Yes	No	0.753138	(7441/9880)
A	ASN	171	Yes	No	0.762626	(5436/7128)
A	GLY	172	Yes	No	0.922192	(4729/5128)
A	ILE	173	Yes	No	0.960272	(11143/11604)
A	ALA	174	Yes	No	0.972794	(7187/7388)
A	PRO	175	Yes	No	0.977957	(9361/9572)
A	VAL	176	Yes	No	0.983719	(11238/11424)
A	PRO	177	Yes	No	0.985477	(9500/9640)
A	TRP	178	Yes	No	0.987273	(26297/26636)
A	THR	179	Yes	No	0.953145	(8788/9220)
A	LYS	180	Yes	No	0.768285	(9748/12688)
A	ILE	181	Yes	No	0.985076	(15643/15880)
A	THR	182	Yes	No	0.942338	(11783/12504)
A	SER	183	Yes	No	0.843646	(8099/9600)
A	PRO	184	Yes	No	0.878441	(9828/11188)
A	GLU	185	Yes	No	0.864662	(10120/11704)
A	PHE	186	Yes	No	0.831153	(10672/12840)
A	VAL	187	Yes	No	0.738817	(4823/6528)
A	ASP	188	Yes	No	0.574168	(3863/6728)
A	ASP	189	Yes	No	0.672052	(3328/4952)
A	ARG	190	Yes	No	0.524668	(3956/7540)
A	PRO	191	Yes	No	0.684865	(2534/3700)
A	GLN	192	Yes	No	0.512278	(2879/5620)
A	VAL	193	Yes	No	0.355108	(1446/4072)
A	VAL	194	Yes	No	0.187821	(1169/6224)
A	ASN	195	Yes	No	0.318701	(1619/5080)
A	ALA	196	Yes	No	0.376246	(906/2408)
A	LEU	197	Yes	No	0.241621	(1067/4416)
A	CYS	198	Yes	No	0.311139	(1257/4040)
A	GLN	199	Yes	No	0.306965	(1234/4020)
A	ALA	200	Yes	No	0.370476	(778/2100)
A	TRP	201	Yes	No	0.3192	(2108/6604)
A	GLY	202	Yes	No	0.651316	(891/1368)
A	PRO	203	Yes	No	0.644991	(1468/2276)
A	LEU	204	Yes	No	0.470627	(1442/3064)
A	PRO	205	Yes	No	0.667127	(1449/2172)
A	LEU	206	Yes	No	0.659173	(1466/2224)
A	GLU	207	Yes	No	0.714674	(1578/2208)
A	ALA	208	Yes	No	0.831555	(1091/1312)
A	LEU	209	Yes	No	0.789501	(1519/1924)
A	ASP	210	Yes	No	0.83243	(1535/1844)
A	LEU	211	Yes	No	0.76285	(1306/1712)
A	SER	212	Yes	No	0.847101	(1169/1380)
A	SER	213	Yes	No	0.839481	(1229/1464)
A	PRO	214	Yes	No	0.788018	(1368/1736)
A	GLN	215	Yes	No	0.77832	(1594/2048)
A	GLU	216	Yes	No	0.771611	(1571/2036)
A	LEU	217	Yes	No	0.715591	(1331/1860)
A	HIS	218	Yes	No	0.744555	(1641/2204)
A	GLN	219	Yes	No	0.809725	(1532/1892)
A	ALA	220	Yes	No	0.842105	(960/1140)
A	SER	221	Yes	No	0.844653	(1169/1384)
A	SER	222	Yes	No	0.845566	(1106/1308)
A	PRO	223	Yes	No	0.824049	(1213/1472)
A	ASP	224	Yes	No	0.790525	(1385/1752)
A	ASN	225	Yes	No	0.770879	(1403/1820)
A	GLN	226	Yes	No	0.721193	(1402/1944)
A	VAL	227	Yes	No	0.773474	(1318/1704)
A	LEU	228	Yes	No	0.729814	(1410/1932)
A	PRO	229	Yes	No	0.812057	(1374/1692)
A	ALA	230	Yes	No	0.797038	(915/1148)
A	GLN	231	Yes	No	0.727451	(1484/2040)
A	SER	232	Yes	No	0.741643	(1065/1436)
A	LEU	233	Yes	No	0.620796	(1403/2260)
A	ALA	234	Yes	No	0.812903	(1008/1240)
A	LYS	235	Yes	No	0.506484	(1406/2776)
A	GLY	236	Yes	No	0.741883	(914/1232)
A	LYS	237	Yes	No	0.570668	(1607/2816)
A	GLY	238	Yes	No	0.701327	(951/1356)
A	ARG	239	Yes	No	0.607239	(1812/2984)
A	THR	240	Yes	No	0.600596	(1612/2684)
A	TYR	241	Yes	No	0.658	(2303/3500)
A	GLY	242	Yes	No	0.713213	(950/1332)
A	SER	243	Yes	No	0.420213	(1343/3196)
A	LYS	244	Yes	No	0.574847	(1874/3260)
A	TYR	245	Yes	No	0.337172	(2313/6860)
A	PRO	246	Yes	No	0.467254	(1327/2840)
A	GLY	247	Yes	No	0.393494	(883/2244)
A	LEU	248	Yes	No	0.2173	(1442/6636)
A	ILE	249	Yes	No	0.183498	(1639/8932)
A	LYS	250	Yes	No	0.327707	(1864/5688)
A	VAL	251	Yes	No	0.255212	(1665/6524)
A	GLU	252	Yes	No	0.308937	(1604/5192)
A	GLN	253	Yes	No	0.293185	(1609/5488)
A	ALA	254	Yes	No	0.354336	(1046/2952)
A	ARG	255	Yes	No	0.414983	(1479/3564)
A	CYS	256	Yes	No	0.387417	(936/2416)
A	GLY	257	Yes	No	0.564236	(650/1152)
A	GLU	258	Yes	Yes+	0	(0/0)
A	VAL	259	Yes	Yes	0.36918	(666/1804)
A	ALA	260	Yes	No	0.421429	(826/1960)
A	PHE	261	Yes	No	0.425756	(1577/3704)
A	ARG	262	Yes	No	0.159589	(1368/8572)
A	MET	263	Yes	No	0.234737	(1461/6224)
A	ASP	264	Yes	No	0.176349	(1451/8228)
A	GLU	265	Yes	No	0.147842	(1288/8712)
A	VAL	266	Yes	No	0.183746	(1248/6792)
A	VAL	267	Yes	No	0.199596	(1382/6924)
A	SER	268	Yes	No	0.201084	(1299/6460)
A	GLN	269	Yes	No	0.214698	(1636/7620)
A	ASP	270	Yes	No	0.245017	(1475/6020)
A	PHE	271	Yes	No	0.17183	(1675/9748)
A	GLU	272	Yes	No	0.242967	(1762/7252)
A	GLY	273	Yes	No	0.263298	(990/3760)
A	ASP	274	Yes	No	0.174844	(1454/8316)
A	TYR	275	Yes	No	0.150165	(2181/14524)
A	VAL	276	Yes	No	0.182399	(1600/8772)
A	ALA	277	Yes	No	0.178134	(989/5552)
A	LEU	278	Yes	No	0.173448	(1688/9732)
A	LEU	279	Yes	No	0.164592	(1322/8032)
A	GLY	280	Yes	No	0.216726	(736/3396)
A	PHE	281	Yes	No	0.177731	(1510/8496)
A	SER	282	Yes	No	0.262169	(991/3780)
A	GLN	283	Yes	No	0.294986	(1259/4268)
A	GLU	284	Yes	No	0.295009	(1265/4288)
A	SER	285	Yes	No	0.429924	(908/2112)
A	ARG	286	Yes	No	0.457214	(1293/2828)
A	GLY	287	Yes	No	0.685921	(760/1108)
A	GLU	288	Yes	No	0.678709	(1409/2076)
A	SER	289	Yes	No	0.718428	(1115/1552)
A	PRO	290	Yes	No	0.736842	(1288/1748)
A	SER	291	Yes	No	0.804711	(1059/1316)
A	ARG	292	Yes	No	0.796039	(1487/1868)
A	GLU	293	Yes	No	0.816397	(1414/1732)
A	ALA	294	Yes	No	0.853612	(898/1052)
A	GLY	295	Yes	No	0.891355	(763/856)
A	THR	296	Yes	No	0.847458	(1000/1180)
A	SER	297	Yes	No	0.846614	(850/1004)
A	SER	298	Yes	No	0.823819	(837/1016)
A	GLY	299	Yes	No	0.86326	(625/724)
A	CYS	300	Yes	No	0.788538	(798/1012)
A	THR	301	Yes	No	0.801754	(914/1140)
A	SER	302	Yes	No	0.782028	(879/1124)
A	GLY	303	Yes	No	0.818069	(661/808)
A	ALA	304	Yes	No	0.816231	(875/1072)
A	LEU	305	Yes	No	0.816496	(1277/1564)
A	GLU	306	Yes	No	0.81974	(1387/1692)
A	GLU	307	Yes	No	0.791667	(1368/1728)
A	ILE	308	Yes	No	0.713901	(1325/1856)
A	ALA	309	Yes	No	0.76022	(967/1272)
A	GLY	310	Yes	No	0.781746	(788/1008)
A	THR	311	Yes	No	0.677057	(1086/1604)
A	LYS	312	Yes	No	0.670904	(1425/2124)
A	GLU	313	Yes	No	0.467272	(1699/3636)
A	THR	314	Yes	No	0.393911	(1281/3252)
A	PRO	315	Yes	No	0.491667	(1416/2880)
A	LEU	316	Yes	No	0.243686	(1428/5860)
A	PHE	317	Yes	No	0.394941	(1733/4388)
A	GLN	318	Yes	No	0.490476	(1854/3780)
A	LYS	319	Yes	No	0.619012	(1654/2672)
A	ILE	320	Yes	No	0.717516	(1745/2432)
A	LEU	321	Yes	No	0.762381	(1601/2100)
A	PRO	322	Yes	No	0.750527	(1423/1896)
A	LEU	323	Yes	No	0.788747	(1486/1884)
A	SER	324	Yes	No	0.820201	(1145/1396)
A	GLU	325	Yes	No	0.808116	(1613/1996)
A	ALA	326	Yes	No	0.877193	(1000/1140)
A	ASN	327	Yes	No	0.822418	(1306/1588)
A	GLU	328	Yes	No	0.871765	(1482/1700)
A	GLY	329	Yes	No	0.853488	(734/860)
A	PRO	330	Yes	No	0.870178	(1173/1348)
A	SER	331	Yes	No	0.892491	(1046/1172)
A	LEU	332	Yes	No	0.803378	(1189/1480)
A	GLY	333	Yes	No	0.824541	(719/872)
A	ASN	334	Yes	No	0.863456	(1309/1516)
A	ARG	335	Yes	No	0.823034	(1465/1780)
A	ALA	336	Yes	No	0.874463	(815/932)
A	CYS	337	Yes	No	0.773256	(931/1204)
A	THR	338	Yes	No	0.783784	(1044/1332)
A	PRO	340	Yes	No	0.808917	(1016/1256)
A	GLU	341	Yes	No	0.767284	(1243/1620)
A	SER	342	Yes	No	0.780303	(1030/1320)
A	SER	343	Yes	No	0.718659	(986/1372)
A	GLU	344	Yes	No	0.627717	(1386/2208)
A	GLU	345	Yes	No	0.593635	(1287/2168)
A	ARG	346	Yes	No	0.586641	(1537/2620)
A	PRO	347	Yes	Yes+	0	(0/0)
A	TYR	348	Yes	Yes	0.262178	(732/2792)
A	ASN	349	Yes	No	0.63894	(1398/2188)
A	LEU	350	Yes	No	0.602626	(1239/2056)
A	GLY	351	Yes	No	0.673913	(806/1196)
A	PHE	352	Yes	No	0.74003	(2004/2708)
A	ARG	353	Yes	No	0.619681	(2097/3384)
A	ARG	354	Yes	No	0.702963	(1898/2700)
A	LYS	355	Yes	No	0.757445	(1933/2552)
A	VAL	356	Yes	No	0.829637	(1646/1984)
A	ASN	357	Yes	No	0.741477	(1566/2112)
A	LEU	358	Yes	No	0.735106	(1382/1880)
A	LYS	359	Yes	No	0.855967	(1664/1944)
A	ALA	360	Yes	No	0.868865	(1133/1304)
A	PRO	361	Yes	No	0.843525	(1407/1668)
A	THR	362	Yes	No	0.799623	(1273/1592)
A	HIS	363	Yes	No	0.873267	(1764/2020)
A	ASN	364	Yes	No	0.843023	(1595/1892)
A	SER	365	Yes	No	0.870321	(1302/1496)
A	GLU	366	Yes	No	0.798597	(1594/1996)
A	ARG	367	Yes	No	0.739418	(1677/2268)
A	PRO	368	Yes	No	0.823232	(1304/1584)
A	PRO	369	Yes	No	0.763027	(1230/1612)
A	GLN	370	Yes	No	0.689037	(1345/1952)
A	GLY	371	Yes	No	0.755165	(731/968)
A	SER	372	Yes	No	0.658898	(933/1416)
A	TYR	373	Yes	No	0.626672	(1499/2392)
A	MET	374	Yes	No	0.693723	(1282/1848)
A	ASN	375	Yes	No	0.665631	(1286/1932)
A	VAL	376	Yes	No	0.673611	(1164/1728)
A	LEU	377	Yes	No	0.703266	(1249/1776)
A	GLU	378	Yes	No	0.662409	(1452/2192)
A	ASP	379	Yes	No	0.849553	(1519/1788)
A	ALA	380	Yes	No	0.851064	(960/1128)
A	LEU	381	Yes	No	0.824495	(1306/1584)
A	ASP	382	Yes	No	0.708537	(1162/1640)
A	CYS	383	Yes	No	0.860526	(981/1140)
A	ALA	384	Yes	No	0.8583	(848/988)
A	SER	385	Yes	No	0.810833	(973/1200)
A	GLY	386	Yes	No	0.818293	(671/820)
A	LEU	387	Yes	No	0.77809	(1108/1424)
A	ARG	388	Yes	No	0.743289	(1329/1788)
A	ALA	389	Yes	No	0.818452	(825/1008)
A	GLY	390	Yes	No	0.811033	(691/852)
A	VAL	391	Yes	No	0.787263	(1162/1476)
A	SER	392	Yes	No	0.745146	(921/1236)
A	GLN	393	Yes	No	0.726562	(1116/1536)
A	GLU	394	Yes	No	0.662179	(1033/1560)
A	PRO	395	Yes	No	0.769912	(1044/1356)
A	ALA	396	Yes	No	0.756579	(805/1064)
A	ALA	397	Yes	No	0.765233	(854/1116)
A	SER	398	Yes	No	0.779703	(945/1212)
A	LYS	399	Yes	No	0.624711	(1082/1732)
A	MET	400	Yes	No	0.729434	(1135/1556)
A	GLN	401	Yes	No	0.647624	(1145/1768)
A	GLY	402	Yes	No	0.720721	(640/888)
A	PRO	403	Yes	Yes+	0	(0/0)
A	LEU	404	Yes	No	0.607314	(1013/1668)
A	GLY	405	Yes	No	0.65625	(588/896)
A	ASN	406	Yes	No	0.594849	(947/1592)
A	PRO	407	Yes	Yes+	0	(0/0)
A	GLU	408	Yes	No	0.756424	(1413/1868)
A	ASN	409	Yes	No	0.72046	(1317/1828)
A	MET	410	Yes	No	0.724776	(1293/1784)
A	VAL	411	Yes	No	0.766979	(1310/1708)
A	GLN	412	Yes	No	0.819664	(1659/2024)
A	LEU	413	Yes	No	0.778556	(1445/1856)
A	ARG	414	Yes	No	0.740351	(1688/2280)
A	PRO	415	Yes	No	0.787388	(1411/1792)
A	GLY	416	Yes	No	0.875977	(897/1024)
A	PRO	417	Yes	No	0.867168	(1384/1596)
A	ARG	418	Yes	No	0.781593	(1707/2184)
A	GLN	419	Yes	No	0.692665	(1341/1936)
A	ALA	420	Yes	No	0.723941	(889/1228)
A	SER	421	Yes	No	0.781513	(1116/1428)
A	SER	422	Yes	No	0.687143	(962/1400)
A	PRO	423	Yes	Yes+	0	(0/0)
A	ARG	424	Yes	No	0.480922	(1210/2516)
A	LEU	425	Yes	No	0.702323	(1149/1636)
A	SER	426	Yes	No	0.679545	(897/1320)
A	PRO	427	Yes	No	0.663043	(976/1472)
A	ALA	428	Yes	No	0.799197	(796/996)
A	SER	429	Yes	No	0.817308	(850/1040)
A	PRO	430	Yes	No	0.742857	(832/1120)
A	ALA	431	Yes	No	0.792067	(659/832)
A	ALA	432	Yes	No	0.89726	(786/876)
A	ALA	433	Yes	No	0.889121	(850/956)
A	ALA	434	Yes	No	0.827004	(784/948)
A	SER	435	Yes	No	0.895904	(1050/1172)
A	GLU	436	Yes	No	0.871412	(1457/1672)
A	THR	437	Yes	No	0.911417	(1389/1524)
A	LYS	438	Yes	No	0.814024	(1602/1968)
A	ILE	439	Yes	No	0.826017	(1543/1868)
A	GLU	440	Yes	No	0.801896	(1607/2004)
A	VAL	441	Yes	No	0.81309	(1379/1696)
A	LYS	442	Yes	No	0.788086	(1614/2048)
A	THR	443	Yes	No	0.747773	(1343/1796)
A	LYS	444	Yes	No	0.766698	(1607/2096)
A	GLU	445	Yes	No	0.694179	(1455/2096)
A	ARG	446	Yes	No	0.670232	(1504/2244)
A	ASN	447	Yes	No	0.717694	(1444/2012)
A	GLY	448	Yes	No	0.776892	(780/1004)
A	ARG	449	Yes	No	0.618227	(1506/2436)
A	LEU	450	Yes	No	0.694812	(1259/1812)
A	PRO	451	Yes	No	0.725578	(1129/1556)
A	LYS	452	Yes	No	0.610082	(1186/1944)
A	PRO	453	Yes	No	0.645674	(1015/1572)
A	MET	454	Yes	No	0.567308	(944/1664)
A	PRO	455	Yes	Yes+	0	(0/0)
A	CYS	456	Yes	No	0.600575	(836/1392)
A	PRO	457	Yes	Yes+	0	(0/0)
A	SER	458	Yes	No	0.647059	(880/1360)
A	ARG	459	Yes	No	0.628	(1256/2000)
A	ASN	460	Yes	No	0.733813	(1224/1668)
A	THR	461	Yes	No	0.781163	(1128/1444)
A	SER	462	Yes	No	0.737367	(1109/1504)
A	SER	463	Yes	No	0.72619	(976/1344)
A	PRO	464	Yes	No	0.696335	(1064/1528)
A	GLU	465	Yes	No	0.719697	(1330/1848)
A	PRO	466	Yes	Yes+	0	(0/0)
A	PRO	467	Yes	No	0.563397	(942/1672)
A	THR	468	Yes	No	0.704827	(1139/1616)
A	PRO	469	Yes	No	0.662008	(1279/1932)
A	GLY	470	Yes	No	0.693269	(721/1040)
A	LEU	471	Yes	No	0.70509	(1413/2004)
A	LYS	472	Yes	No	0.708042	(1620/2288)
A	PHE	473	Yes	No	0.707583	(1885/2664)
A	SER	474	Yes	No	0.687791	(1183/1720)
A	PHE	475	Yes	No	0.740573	(1964/2652)
A	LEU	476	Yes	No	0.70101	(1388/1980)
A	ARG	477	Yes	No	0.516833	(1658/3208)
A	GLY	478	Yes	No	0.787415	(926/1176)
A	GLN	479	Yes	No	0.675654	(1654/2448)
A	ARG	480	Yes	No	0.681364	(1638/2404)
A	GLN	481	Yes	No	0.639286	(1611/2520)
A	PRO	482	Yes	No	0.734009	(1377/1876)
A	SER	483	Yes	No	0.747494	(1193/1596)
A	VAL	484	Yes	No	0.804156	(1277/1588)
A	THR	485	Yes	No	0.843672	(1360/1612)
A	PRO	486	Yes	No	0.816141	(1345/1648)
A	GLU	487	Yes	No	0.837882	(1535/1832)
A	LYS	488	Yes	No	0.807173	(1553/1924)
A	ALA	489	Yes	No	0.853503	(1072/1256)
A	SER	490	Yes	No	0.800373	(1287/1608)
A	LEU	491	Yes	No	0.754255	(1418/1880)
A	GLN	492	Yes	No	0.78	(1560/2000)
A	HIS	493	Yes	No	0.785775	(1845/2348)
A	ASN	494	Yes	No	0.758993	(1688/2224)
A	GLY	495	Yes	No	0.617725	(934/1512)
A	PRO	496	Yes	No	0.461538	(1416/3068)
A	TRP	497	Yes	No	0.230881	(2234/9676)
A	LYS	498	Yes	No	0.3541	(1762/4976)
A	VAL	499	Yes	No	0.343541	(1234/3592)
A	LEU	500	Yes	No	0.288491	(1529/5300)
A	CYS	501	Yes	No	0.222222	(1192/5364)
A	SER	502	Yes	No	0.28525	(1141/4000)
A	LEU	503	Yes	No	0.419615	(1613/3844)
A	TYR	504	Yes	No	0.305645	(1895/6200)
A	SER	505	Yes	No	0.382653	(1350/3528)
A	PRO	506	Yes	No	0.322925	(1541/4772)
A	LYS	507	Yes	No	0.535	(1926/3600)
A	PRO	508	Yes	No	0.486783	(1731/3556)
A	ASN	509	Yes	No	0.573097	(1717/2996)
A	ARG	510	Yes	No	0.792151	(2180/2752)
A	ALA	511	Yes	No	0.805328	(1179/1464)
A	LYS	512	Yes	No	0.785009	(1749/2228)
A	SER	513	Yes	No	0.782716	(1268/1620)
A	LEU	514	Yes	No	0.796317	(1427/1792)
A	GLY	515	Yes	No	0.649225	(670/1032)
A	LYS	516	Yes	No	0.661224	(1296/1960)
A	ALA	517	Yes	No	0.694805	(856/1232)
A	GLY	518	Yes	No	0.77621	(770/992)
A	THR	519	Yes	No	0.674517	(1117/1656)
A	THR	520	Yes	No	0.750668	(1123/1496)
A	GLN	521	Yes	No	0.798441	(1434/1796)
A	THR	522	Yes	No	0.713368	(1110/1556)
A	LYS	523	Yes	No	0.758242	(1380/1820)
A	THR	524	Yes	No	0.80149	(1183/1476)
A	SER	525	Yes	No	0.887043	(1068/1204)
A	GLY	526	Yes	No	0.876794	(733/836)
A	PRO	527	Yes	No	0.810877	(999/1232)
A	ALA	528	Yes	No	0.92735	(868/936)
A	THR	529	Yes	No	0.776274	(975/1256)
A	ALA	530	Yes	No	0.710526	(702/988)
A	PRO	531	Yes	No	0.721324	(981/1360)
A	SER	532	Yes	No	0.711538	(888/1248)
A	PRO	533	Yes	Yes+	0	(0/0)
A	LEU	534	Yes	No	0.767099	(1301/1696)
A	THR	535	Yes	No	0.775561	(1244/1604)
A	GLU	536	Yes	No	0.753012	(1500/1992)
A	GLU	537	Yes	No	0.818381	(1496/1828)
A	LYS	538	Yes	No	0.796635	(1657/2080)
A	ALA	539	Yes	No	0.934783	(1118/1196)
A	ALA	540	Yes	No	0.917241	(1064/1160)
A	LEU	541	Yes	No	0.897783	(1458/1624)
A	PRO	542	Yes	No	0.896307	(1262/1408)
A	GLU	543	Yes	No	0.868286	(1358/1564)
A	ALA	544	Yes	No	0.923	(923/1000)
A	SER	545	Yes	No	0.892007	(1049/1176)
A	ALA	546	Yes	No	0.879921	(894/1016)
A	GLY	547	Yes	No	0.838428	(768/916)
A	SER	548	Yes	No	0.825	(1056/1280)
A	PRO	549	Yes	No	0.740385	(1155/1560)
A	GLU	550	Yes	No	0.784314	(1440/1836)
A	ARG	551	Yes	No	0.644718	(1831/2840)
A	GLY	552	Yes	No	0.865854	(994/1148)
A	PRO	553	Yes	No	0.720436	(1389/1928)
A	THR	554	Yes	No	0.828613	(1697/2048)
A	LEU	555	Yes	No	0.802426	(1852/2308)
A	GLU	556	Yes	No	0.764151	(1944/2544)
A	GLU	557	Yes	No	0.720486	(2075/2880)
A	GLU	558	Yes	No	0.771591	(2037/2640)
A	PRO	559	Yes	No	0.86254	(2146/2488)
A	PRO	560	Yes	No	0.909091	(3600/3960)
A	GLY	561	Yes	No	0.879132	(2553/2904)
A	PRO	562	Yes	No	0.899649	(5128/5700)
A	GLU	563	Yes	No	0.916433	(10462/11416)
A	PRO	564	Yes	No	0.944008	(9863/10448)
A	ARG	565	Yes	No	0.898375	(12491/13904)
A	ILE	566	Yes	Yes	0.447408	(6006/13424)
A	GLY	567	Yes	No	0.928686	(4636/4992)
A	ALA	568	Yes	No	0.942867	(5710/6056)
A	LEU	569	Yes	No	0.856895	(10365/12096)
A	GLY	570	Yes	No	0.952939	(5123/5376)
A	VAL	571	Yes	No	0.956992	(8322/8696)
A	LYS	572	Yes	No	0.970332	(9125/9404)
A	VAL	573	Yes	No	0.955928	(11062/11572)
A	PHE	574	Yes	No	0.786552	(15967/20300)
A	ARG	575	Yes	No	0.933701	(13027/13952)
A	SER	576	Yes	No	0.968307	(9838/10160)
A	ARG	577	Yes	No	0.936518	(16449/17564)
A	ILE	578	Yes	No	0.977175	(16440/16824)
A	ALA	579	Yes	No	0.981246	(12034/12264)
A	CYS	580	Yes	No	0.908202	(13089/14412)
A	LEU	581	Yes	No	0.967774	(19340/19984)
A	PRO	582	Yes	No	0.97218	(15341/15780)
A	GLY	583	Yes	No	0.977432	(8359/8552)
A	GLY	584	Yes	No	0.978261	(8010/8188)
A	ARG	585	Yes	No	0.834844	(15291/18316)
A	ASP	586	Yes	No	0.976078	(12853/13168)
A	ARG	587	Yes	No	0.891248	(10285/11540)
A	ALA	588	Yes	No	0.966854	(5863/6064)
A	GLY	589	Yes	No	0.970091	(5514/5684)
A	ARG	590	Yes	No	0.967472	(17132/17708)
A	PRO	591	Yes	No	0.98386	(13959/14188)
A	LEU	592	Yes	No	0.976452	(18162/18600)
A	LEU	593	Yes	No	0.985749	(20890/21192)
A	LEU	594	Yes	No	0.982322	(19226/19572)
A	VAL	595	Yes	No	0.990925	(17143/17300)
A	SER	596	Yes	No	0.932544	(10866/11652)
A	THR	597	Yes	No	0.982011	(11191/11396)
A	THR	598	Yes	No	0.895318	(8108/9056)
A	GLU	599	Yes	No	0.779759	(5817/7460)
A	GLY	600	Yes	No	0.929409	(3647/3924)
A	ALA	601	Yes	No	0.966097	(6326/6548)
A	TRP	602	Yes	No	0.965531	(21709/22484)
A	GLU	603	Yes	No	0.907768	(6801/7492)
A	ALA	604	Yes	No	0.968129	(4678/4832)
A	PRO	605	Yes	No	0.963376	(4840/5024)
A	TRP	606	Yes	No	0.972745	(14276/14676)
A	CYS	607	Yes	No	0.959047	(7611/7936)
A	THR	608	Yes	No	0.977662	(8228/8416)
A	VAL	609	Yes	No	0.987834	(9013/9124)
A	SER	610	Yes	No	0.978531	(7566/7732)
A	GLU	611	Yes	No	0.946514	(11892/12564)
A	VAL	612	Yes	No	0.978414	(13099/13388)
A	THR	613	Yes	No	0.970895	(11375/11716)
A	LYS	614	Yes	No	0.947785	(12924/13636)
A	LEU	615	Yes	No	0.974456	(16823/17264)
A	LEU	616	Yes	No	0.977977	(17807/18208)
A	SER	617	Yes	No	0.94975	(10622/11184)
A	TYR	618	Yes	No	0.969829	(24494/25256)
A	LEU	619	Yes	No	0.971559	(19198/19760)
A	CYS	620	Yes	No	0.965758	(12184/12616)
A	THR	621	Yes	No	0.960317	(13310/13860)
A	ILE	622	Yes	No	0.961308	(17292/17988)
A	PRO	623	Yes	No	0.966255	(12828/13276)
A	ARG	624	Yes	No	0.879132	(12234/13916)
A	PRO	625	Yes	No	0.949086	(7065/7444)
A	GLU	626	Yes	No	0.87931	(6732/7656)
A	ASP	627	Yes	No	0.960632	(10029/10440)
A	LYS	628	Yes	No	0.962747	(12689/13180)
A	ALA	629	Yes	No	0.958591	(4954/5168)
A	LYS	630	Yes	No	0.932931	(9751/10452)
A	GLY	631	Yes	No	0.984065	(6546/6652)
A	LEU	632	Yes	No	0.979054	(16687/17044)
A	ALA	633	Yes	No	0.985104	(10978/11144)
A	VAL	634	Yes	No	0.990112	(17624/17800)
A	LEU	635	Yes	No	0.923153	(17647/19116)
A	ILE	636	Yes	No	0.992717	(18266/18400)
A	ASP	637	Yes	No	0.984859	(14635/14860)
A	ALA	638	Yes	No	0.980467	(7981/8140)
A	ARG	639	Yes	No	0.93884	(13309/14176)
A	ARG	640	Yes	No	0.942943	(10048/10656)
A	GLN	641	Yes	No	0.951008	(9434/9920)
A	PRO	642	Yes	No	0.972949	(8632/8872)
A	PRO	643	Yes	No	0.982425	(11180/11380)
A	GLN	644	Yes	No	0.966054	(12095/12520)
A	PRO	645	Yes	No	0.976688	(8505/8708)
A	GLY	646	Yes	No	0.980831	(6140/6260)
A	LEU	647	Yes	No	0.981502	(16077/16380)
A	VAL	648	Yes	No	0.993658	(11280/11352)
A	SER	649	Yes	No	0.99597	(7908/7940)
A	ALA	650	Yes	No	0.991427	(8673/8748)
A	LEU	651	Yes	No	0.993884	(15600/15696)
A	GLN	652	Yes	No	0.988165	(11439/11576)
A	ALA	653	Yes	No	0.991718	(6466/6520)
A	THR	654	Yes	No	0.97995	(11779/12020)
A	GLN	655	Yes	No	0.961642	(12109/12592)
A	ALA	656	Yes	No	0.986206	(5219/5292)
A	GLN	657	Yes	No	0.976496	(10511/10764)
A	VAL	658	Yes	No	0.974294	(9665/9920)
A	PRO	659	Yes	No	0.972787	(7650/7864)
A	ALA	660	Yes	No	0.965888	(6201/6420)
A	SER	661	Yes	No	0.986296	(10364/10508)
A	ILE	662	Yes	No	0.990702	(15344/15488)
A	ARG	663	Yes	No	0.957612	(13713/14320)
A	ALA	664	Yes	No	0.985798	(9440/9576)
A	ILE	665	Yes	No	0.984993	(16540/16792)
A	LEU	666	Yes	No	0.990826	(16416/16568)
A	PHE	667	Yes	No	0.986168	(19108/19376)
A	LEU	668	Yes	No	0.974935	(13497/13844)
A	GLY	669	Yes	No	0.976477	(5355/5484)
A	GLU	670	Yes	No	0.95686	(8229/8600)
A	LYS	671	Yes	No	0.986982	(7430/7528)
A	GLU	672	Yes	No	0.980575	(6209/6332)
A	ALA	673	Yes	No	0.991925	(6019/6068)
A	ALA	674	Yes	No	0.99375	(6678/6720)
A	LEU	675	Yes	No	0.996135	(7475/7504)
A	GLN	676	Yes	No	0.995636	(10267/10312)
A	LEU	677	Yes	No	0.992985	(12881/12972)
A	GLN	678	Yes	No	0.975973	(9424/9656)
A	THR	679	Yes	No	0.991175	(6851/6912)
A	LEU	680	Yes	No	0.989935	(11016/11128)
A	PRO	681	Yes	No	0.986103	(6741/6836)
A	ASP	682	Yes	No	0.966891	(6892/7128)
A	VAL	683	Yes	No	0.984739	(9808/9960)
A	GLN	684	Yes	No	0.949726	(11089/11676)
A	VAL	685	Yes	No	0.9892	(10442/10556)
A	GLU	686	Yes	No	0.942715	(12655/13424)
A	VAL	687	Yes	No	0.98913	(9282/9384)
A	LEU	688	Yes	No	0.97943	(11761/12008)
A	THR	689	Yes	No	0.974919	(7191/7376)
A	SER	690	Yes	No	0.956711	(6387/6676)
A	LEU	691	Yes	No	0.963842	(9623/9984)
A	LYS	692	Yes	No	0.903924	(6219/6880)
A	ALA	693	Yes	No	0.971154	(5555/5720)
A	LEU	694	Yes	No	0.982373	(12484/12708)
A	SER	695	Yes	No	0.977114	(6703/6860)
A	HIS	696	Yes	No	0.970243	(8608/8872)
A	HIS	697	Yes	No	0.889342	(12216/13736)
A	VAL	698	Yes	No	0.981377	(11172/11384)
A	ASP	699	Yes	No	0.94882	(8843/9320)
A	PRO	700	Yes	No	0.983384	(7812/7944)
A	SER	701	Yes	No	0.977045	(6640/6796)
A	GLN	702	Yes	No	0.971611	(13245/13632)
A	LEU	703	Yes	No	0.975935	(12734/13048)
A	PRO	704	Yes	No	0.976446	(11276/11548)
A	ALA	705	Yes	No	0.968987	(5624/5804)
A	VAL	706	Yes	No	0.919984	(9152/9948)
A	LEU	707	Yes	No	0.973732	(12974/13324)
A	GLU	708	Yes	No	0.959773	(8446/8800)
A	GLY	709	Yes	No	0.971774	(4338/4464)
A	PRO	710	Yes	No	0.984915	(6268/6364)
A	PHE	711	Yes	No	0.97725	(15894/16264)
A	PRO	712	Yes	No	0.970517	(8855/9124)
A	TYR	713	Yes	No	0.968733	(20913/21588)
A	CYS	714	Yes	No	0.968622	(8520/8796)
A	HIS	715	Yes	No	0.953125	(16958/17792)
A	THR	716	Yes	No	0.955049	(8626/9032)
A	GLU	717	Yes	No	0.943218	(11711/12416)
A	TRP	718	Yes	No	0.965126	(29363/30424)
A	VAL	719	Yes	No	0.959956	(12226/12736)
A	HIS	720	Yes	No	0.918734	(13329/14508)
A	PHE	721	Yes	No	0.96235	(20525/21328)
A	PHE	722	Yes	No	0.960692	(23756/24728)
A	GLN	723	Yes	No	0.933116	(13463/14428)
A	LYS	724	Yes	No	0.916807	(13037/14220)
A	LEU	725	Yes	No	0.963981	(15389/15964)
A	ASP	726	Yes	Yes	0.475733	(7136/15000)
A	PRO	727	Yes	No	0.960714	(11029/11480)
A	PHE	728	Yes	No	0.953903	(17941/18808)
A	LEU	729	Yes	No	0.96595	(13844/14332)
A	ALA	730	Yes	No	0.961366	(7291/7584)
A	ASP	731	Yes	No	0.947931	(11269/11888)
A	LEU	732	Yes	No	0.970638	(12529/12908)
A	HIS	733	Yes	No	0.862821	(12221/14164)
A	GLN	734	Yes	No	0.940957	(10072/10704)
A	ALA	735	Yes	No	0.980093	(7582/7736)
A	SER	736	Yes	No	0.976397	(8315/8516)
A	SER	737	Yes	No	0.910016	(6887/7568)
A	LEU	738	Yes	No	0.926666	(10905/11768)
A	LEU	739	Yes	No	0.95162	(12215/12836)
A	GLN	740	Yes	No	0.955429	(9925/10388)
A	ALA	741	Yes	No	0.90787	(5814/6404)
A	SER	742	Yes	No	0.924449	(8394/9080)
A	ILE	743	Yes	No	0.948622	(10192/10744)
A	GLU	744	Yes	No	0.923311	(8199/8880)
A	GLU	745	Yes	No	0.841573	(10486/12460)
A	PHE	746	Yes	No	0.916607	(15421/16824)
A	GLU	747	Yes	No	0.927209	(9235/9960)
A	LYS	748	Yes	No	0.859638	(6939/8072)
A	ALA	749	Yes	No	0.937237	(6227/6644)
A	ASP	750	Yes	No	0.895595	(7197/8036)
A	PRO	751	Yes	No	0.947251	(7650/8076)
A	PRO	752	Yes	No	0.890497	(7815/8776)
A	GLY	753	Yes	No	0.932032	(3963/4252)
A	GLY	754	Yes	No	0.926066	(4171/4504)
A	MET	755	Yes	No	0.90759	(8299/9144)
A	GLN	756	Yes	No	0.96085	(6872/7152)
A	GLU	757	Yes	No	0.931039	(7817/8396)
A	ALA	758	Yes	No	0.953001	(6225/6532)
A	THR	759	Yes	No	0.923874	(7221/7816)
A	ARG	760	Yes	No	0.835094	(8695/10412)
A	CYS	761	Yes	No	0.925484	(7452/8052)
A	LEU	762	Yes	No	0.832328	(9655/11600)
A	SER	763	Yes	No	0.824488	(6121/7424)
A	LYS	764	Yes	No	0.798776	(9531/11932)
A	SER	765	Yes	No	0.842055	(7885/9364)
A	LYS	766	Yes	No	0.57523	(7264/12628)
A	GLU	767	Yes	No	0.718032	(7502/10448)
A	LEU	768	Yes	No	0.727925	(9134/12548)
A	MET	769	Yes	No	0.767595	(10034/13072)
A	GLU	770	Yes	No	0.698269	(7505/10748)
A	ALA	771	Yes	No	0.761137	(5194/6824)
A	VAL	772	Yes	No	0.86117	(9745/11316)
A	LEU	773	Yes	No	0.756777	(9045/11952)
A	ARG	774	Yes	No	0.671932	(7359/10952)
A	ASP	775	Yes	No	0.905254	(8752/9668)
A	PRO	776	Yes	No	0.940542	(6106/6492)
A	GLY	777	Yes	No	0.966242	(5009/5184)
A	LEU	778	Yes	No	0.910957	(11540/12668)
A	LEU	779	Yes	No	0.842495	(7970/9460)
A	GLY	780	Yes	No	0.936489	(4630/4944)
A	LEU	781	Yes	No	0.948642	(11600/12228)
A	GLN	782	Yes	No	0.684694	(9027/13184)
A	ARG	783	Yes	No	0.742549	(7574/10200)
A	GLU	784	Yes	No	0.855785	(8106/9472)
A	GLY	785	Yes	No	0.89934	(5450/6060)
A	GLY	786	Yes	No	0.836903	(4767/5696)
A	ALA	787	Yes	No	0.845086	(5297/6268)
A	THR	788	Yes	No	0.927432	(9419/10156)
A	LEU	789	Yes	No	0.917124	(11354/12380)
A	ALA	790	Yes	No	0.873697	(5700/6524)
A	ARG	791	Yes	No	0.867228	(11326/13060)
A	LEU	792	Yes	No	0.948027	(12495/13180)
A	GLN	793	Yes	No	0.908413	(10970/12076)
A	HIS	794	Yes	No	0.889209	(9262/10416)
A	ASP	795	Yes	No	0.937681	(10382/11072)
A	ALA	796	Yes	No	0.959251	(7321/7632)
A	SER	797	Yes	No	0.961092	(6620/6888)
A	ARG	798	Yes	No	0.913563	(10696/11708)
A	LEU	799	Yes	No	0.978316	(12362/12636)
A	ASP	800	Yes	No	0.978486	(9460/9668)
A	PHE	801	Yes	No	0.982614	(15655/15932)
A	SER	802	Yes	No	0.979648	(10686/10908)
A	PRO	803	Yes	No	0.983006	(11395/11592)
A	ASP	804	Yes	No	0.961509	(14938/15536)
A	VAL	805	Yes	No	0.968395	(13298/13732)
A	ARG	806	Yes	No	0.963395	(14054/14588)
A	SER	807	Yes	No	0.971002	(8840/9104)
A	HIS	808	Yes	No	0.948346	(18231/19224)
A	LEU	809	Yes	No	0.959796	(12581/13108)
A	ALA	810	Yes	No	0.972496	(6718/6908)
A	ALA	811	Yes	No	0.965064	(7265/7528)
A	ALA	812	Yes	No	0.961473	(7911/8228)
A	THR	813	Yes	No	0.941072	(9023/9588)
A	ALA	814	Yes	No	0.974983	(5729/5876)
A	LEU	815	Yes	No	0.969782	(11040/11384)
A	TYR	816	Yes	No	0.891464	(16542/18556)
A	SER	817	Yes	No	0.862939	(6976/8084)
A	LEU	818	Yes	No	0.947027	(9493/10024)
A	VAL	819	Yes	No	0.941815	(10586/11240)
A	ASP	820	Yes	No	0.792195	(9744/12300)
A	GLU	821	Yes	No	0.673151	(7682/11412)
A	GLN	822	Yes	No	0.872888	(11365/13020)
A	LEU	823	Yes	No	0.830889	(11443/13772)
A	HIS	824	Yes	No	0.668903	(8974/13416)
A	VAL	825	Yes	No	0.790814	(7886/9972)
A	LEU	826	Yes	No	0.865887	(11544/13332)
A	VAL	827	Yes	No	0.747717	(8515/11388)
A	THR	828	Yes	No	0.725324	(7378/10172)
A	ALA	829	Yes	No	0.87402	(6688/7652)
A	SER	830	Yes	No	0.852	(8520/10000)
A	ASN	831	Yes	No	0.730965	(9178/12556)
A	SER	832	Yes	No	0.851513	(7994/9388)
A	LEU	833	Yes	No	0.943798	(12175/12900)
A	LEU	834	Yes	No	0.701541	(9468/13496)
A	GLY	835	Yes	No	0.83502	(5942/7116)
A	LYS	836	Yes	No	0.903543	(12852/14224)
A	LEU	837	Yes	No	0.925047	(11848/12808)
A	GLU	838	Yes	No	0.744208	(10922/14676)
A	LEU	839	Yes	No	0.85562	(12362/14448)
A	ARG	840	Yes	No	0.936187	(15155/16188)
A	VAL	841	Yes	No	0.880023	(9198/10452)
A	ARG	842	Yes	No	0.724548	(12668/17484)
A	LEU	843	Yes	No	0.815004	(11472/14076)
A	GLY	844	Yes	No	0.931686	(5769/6192)
A	ARG	845	Yes	No	0.829178	(12703/15320)
A	LEU	846	Yes	No	0.893966	(12090/13524)
A	GLU	847	Yes	No	0.815874	(11122/13632)
A	ALA	848	Yes	No	0.956801	(6246/6528)
A	ALA	849	Yes	No	0.920777	(6869/7460)
A	ILE	850	Yes	No	0.957044	(12120/12664)
A	HIS	851	Yes	No	0.944206	(11897/12600)
A	GLN	852	Yes	No	0.941745	(9651/10248)
A	VAL	853	Yes	No	0.967127	(10650/11012)
A	SER	854	Yes	No	0.943265	(8263/8760)
A	ASP	855	Yes	No	0.951781	(8014/8420)
A	TRP	856	Yes	No	0.976754	(19328/19788)
A	MET	857	Yes	No	0.976824	(12265/12556)
A	GLU	858	Yes	No	0.798762	(7486/9372)
A	GLN	859	Yes	No	0.931759	(7141/7664)
A	GLU	860	Yes	No	0.88791	(8563/9644)
A	GLY	861	Yes	No	0.984956	(5827/5916)
A	ARG	862	Yes	No	0.706045	(8947/12672)
A	ARG	863	Yes	No	0.919601	(9402/10224)
A	CYS	864	Yes	No	0.976301	(8404/8608)
A	LEU	865	Yes	No	0.968232	(12862/13284)
A	GLN	866	Yes	No	0.944688	(9496/10052)
A	SER	867	Yes	No	0.957116	(7075/7392)
A	LEU	868	Yes	No	0.97658	(11926/12212)
A	THR	869	Yes	No	0.963006	(9996/10380)
A	PRO	870	Yes	No	0.963579	(10133/10516)
A	LYS	871	Yes	No	0.914275	(7263/7944)
A	ASP	872	Yes	No	0.882237	(6705/7600)
A	GLY	873	Yes	No	0.907337	(4798/5288)
A	SER	874	Yes	No	0.948857	(6642/7000)
A	LEU	875	Yes	No	0.950337	(9032/9504)
A	GLU	876	Yes	No	0.965	(6755/7000)
A	THR	877	Yes	No	0.971385	(7604/7828)
A	VAL	878	Yes	No	0.982722	(10295/10476)
A	GLU	879	Yes	No	0.954573	(9561/10016)
A	LYS	880	Yes	No	0.947227	(8472/8944)
A	ALA	881	Yes	No	0.985367	(7138/7244)
A	HIS	882	Yes	No	0.894111	(12328/13788)
A	ALA	883	Yes	No	0.972845	(5553/5708)
A	GLU	884	Yes	No	0.973918	(10082/10352)
A	PHE	885	Yes	No	0.981006	(17509/17848)
A	GLU	886	Yes	No	0.967112	(10998/11372)
A	ASN	887	Yes	No	0.954589	(8030/8412)
A	PHE	888	Yes	No	0.977709	(16711/17092)
A	PHE	889	Yes	No	0.976004	(15456/15836)
A	LEU	890	Yes	No	0.983563	(8557/8700)
A	GLN	891	Yes	No	0.935743	(11053/11812)
A	ALA	892	Yes	No	0.977217	(8021/8208)
A	ALA	893	Yes	No	0.968398	(6527/6740)
A	ALA	894	Yes	No	0.983354	(6321/6428)
A	GLN	895	Yes	No	0.952747	(12904/13544)
A	TYR	896	Yes	No	0.975095	(16366/16784)
A	ARG	897	Yes	No	0.919597	(10671/11604)
A	ARG	898	Yes	No	0.896366	(13467/15024)
A	GLY	899	Yes	No	0.969312	(6033/6224)
A	LEU	900	Yes	No	0.969918	(9963/10272)
A	GLU	901	Yes	No	0.843455	(9305/11032)
A	LEU	902	Yes	No	0.909711	(11466/12604)
A	SER	903	Yes	No	0.943711	(8433/8936)
A	LYS	904	Yes	No	0.833727	(8464/10152)
A	GLN	905	Yes	No	0.82246	(10590/12876)
A	ALA	906	Yes	No	0.896396	(7164/7992)
A	ALA	907	Yes	No	0.880428	(5839/6632)
A	GLN	908	Yes	No	0.743211	(7991/10752)
A	LEU	909	Yes	No	0.785509	(10397/13236)
A	GLY	910	Yes	No	0.818883	(4779/5836)
A	ALA	911	Yes	No	0.809524	(4760/5880)
A	THR	912	Yes	No	0.755376	(6744/8928)
A	ALA	913	Yes	No	0.793039	(5491/6924)
A	ARG	914	Yes	No	0.783454	(8220/10492)
A	GLY	915	Yes	No	0.753168	(2615/3472)
A	ALA	916	Yes	No	0.776897	(3726/4796)
A	GLY	917	Yes	No	0.754464	(2197/2912)
A	GLU	918	Yes	No	0.852821	(3326/3900)
A	ALA	919	Yes	No	0.791169	(2383/3012)
A	GLU	920	Yes	No	0.794721	(6895/8676)
A	ARG	921	Yes	No	0.906053	(6915/7632)
A	ALA	922	Yes	No	0.930765	(3213/3452)
A	GLU	923	Yes	No	0.911545	(8306/9112)
A	PHE	924	Yes	No	0.932634	(13609/14592)
A	PRO	925	Yes	No	0.925573	(6790/7336)
A	GLU	926	Yes	No	0.91597	(11391/12436)
A	LEU	927	Yes	No	0.930208	(10556/11348)
A	ALA	928	Yes	No	0.966121	(5190/5372)
A	ALA	929	Yes	No	0.967847	(5629/5816)
A	PHE	930	Yes	No	0.935412	(15569/16644)
A	ALA	931	Yes	No	0.959321	(5990/6244)
A	SER	932	Yes	No	0.935296	(5623/6012)
A	THR	933	Yes	No	0.87235	(7736/8868)
A	GLN	934	Yes	No	0.963719	(12139/12596)
A	ARG	935	Yes	No	0.910728	(9355/10272)
A	ALA	936	Yes	No	0.962183	(5623/5844)
A	PHE	937	Yes	No	0.961683	(16364/17016)
A	GLN	938	Yes	No	0.963996	(11406/11832)
A	ALA	939	Yes	No	0.946282	(5549/5864)
A	LEU	941	Yes	No	0.973488	(12301/12636)
A	THR	942	Yes	No	0.947473	(8622/9100)
A	HIS	943	Yes	No	0.955858	(11390/11916)
A	PHE	944	Yes	No	0.978189	(17670/18064)
A	TYR	945	Yes	No	0.968844	(16761/17300)
A	MET	946	Yes	No	0.904276	(9390/10384)
A	ALA	947	Yes	No	0.969651	(7668/7908)
A	ALA	948	Yes	No	0.978634	(8428/8612)
A	GLU	949	Yes	No	0.924247	(11786/12752)
A	ARG	950	Yes	No	0.898903	(13764/15312)
A	GLN	951	Yes	No	0.979568	(15677/16004)
A	ARG	952	Yes	No	0.952375	(15238/16000)
A	THR	953	Yes	No	0.863215	(9302/10776)
A	ASP	954	Yes	No	0.955582	(12908/13508)
A	LEU	955	Yes	No	0.986519	(13977/14168)
A	GLU	956	Yes	No	0.967989	(13033/13464)
A	THR	957	Yes	No	0.967224	(11568/11960)
A	LEU	958	Yes	No	0.970592	(13895/14316)
A	LEU	959	Yes	No	0.977375	(12182/12464)
A	HIS	960	Yes	No	0.948106	(14415/15204)
A	LEU	961	Yes	No	0.942574	(13607/14436)
A	HIS	962	Yes	No	0.951556	(15046/15812)
A	ARG	963	Yes	No	0.921108	(13065/14184)
A	PHE	964	Yes	No	0.942848	(17586/18652)
A	CYS	965	Yes	No	0.94281	(9677/10264)
A	LYS	966	Yes	No	0.905222	(10019/11068)
A	ARG	967	Yes	No	0.798948	(11850/14832)
A	MET	968	Yes	No	0.894251	(12194/13636)
A	THR	969	Yes	No	0.875467	(8429/9628)
A	TRP	970	Yes	No	0.95519	(13067/13680)
A	PHE	971	Yes	No	0.956414	(16611/17368)
A	HIS	972	Yes	No	0.93395	(13419/14368)
A	MET	973	Yes	No	0.972651	(8571/8812)
A	ASP	974	Yes	No	0.927646	(9885/10656)
A	CYS	975	Yes	No	0.963392	(9237/9588)
A	GLN	976	Yes	No	0.95628	(10477/10956)
A	ASP	977	Yes	No	0.957766	(7597/7932)
A	LEU	978	Yes	No	0.949964	(10594/11152)
A	MET	979	Yes	No	0.921038	(10253/11132)
A	ALA	980	Yes	No	0.896141	(4366/4872)
A	GLN	981	Yes	No	0.925761	(7669/8284)
A	LEU	982	Yes	No	0.875653	(8718/9956)
A	ARG	983	Yes	No	0.854424	(6644/7776)
A	LEU	984	Yes	No	0.820507	(7250/8836)
A	ASP	985	Yes	No	0.660875	(3233/4892)
A	LYS	986	Yes	No	0.478304	(1940/4056)
A	THR	987	Yes	No	0.735528	(2592/3524)
A	SER	988	Yes	No	0.795093	(3597/4524)
A	ARG	989	Yes	No	0.73597	(5508/7484)
A	VAL	990	Yes	No	0.860724	(6421/7460)
A	SER	991	Yes	No	0.905616	(4999/5520)
A	PRO	992	Yes	No	0.893671	(4547/5088)
A	GLY	993	Yes	No	0.937154	(3385/3612)
A	ASP	994	Yes	No	0.922619	(8370/9072)
A	GLN	995	Yes	No	0.87721	(8337/9504)
A	ARG	996	Yes	No	0.875185	(7110/8124)
A	ARG	997	Yes	No	0.928899	(11745/12644)
A	LEU	998	Yes	No	0.955538	(11111/11628)
A	HIS	999	Yes	No	0.762729	(8329/10920)
A	ARG	1000	Yes	No	0.93244	(10503/11264)
A	TYR	1001	Yes	No	0.962526	(16875/17532)
A	LEU	1002	Yes	No	0.952394	(10743/11280)
A	GLN	1003	Yes	No	0.939775	(7849/8352)
A	ARG	1004	Yes	No	0.878272	(12215/13908)
A	LEU	1005	Yes	No	0.948782	(11689/12320)
A	ALA	1006	Yes	No	0.949894	(5365/5648)
A	SER	1007	Yes	No	0.956433	(5620/5876)
A	GLU	1008	Yes	No	0.946353	(10796/11408)
A	PHE	1009	Yes	No	0.951275	(16419/17260)
A	PRO	1010	Yes	No	0.94898	(7254/7644)
A	ALA	1011	Yes	No	0.937396	(4522/4824)
A	GLU	1012	Yes	No	0.865814	(5278/6096)
A	LYS	1013	Yes	No	0.766023	(8175/10672)
A	LEU	1014	Yes	No	0.940587	(10512/11176)
A	ALA	1015	Yes	No	0.935959	(4706/5028)
A	ALA	1016	Yes	No	0.931738	(5255/5640)
A	VAL	1017	Yes	No	0.940188	(9793/10416)
A	GLY	1018	Yes	No	0.945833	(4994/5280)
A	LEU	1019	Yes	No	0.926616	(7109/7672)
A	GLN	1020	Yes	No	0.931204	(11018/11832)
A	VAL	1021	Yes	No	0.93801	(9200/9808)
A	ALA	1022	Yes	No	0.936047	(4830/5160)
A	SER	1023	Yes	No	0.925948	(6252/6752)
A	LEU	1024	Yes	No	0.949781	(10421/10972)
A	SER	1025	Yes	No	0.931984	(6632/7116)
A	ARG	1026	Yes	No	0.869458	(10197/11728)
A	ALA	1027	Yes	No	0.916589	(3912/4268)
A	GLY	1028	Yes	No	0.904225	(3852/4260)
A	LEU	1029	Yes	No	0.905857	(10084/11132)
A	GLY	1030	Yes	No	0.923274	(5776/6256)
A	GLN	1031	Yes	No	0.918709	(9448/10284)
A	GLU	1032	Yes	No	0.908794	(8619/9484)
A	LEU	1033	Yes	No	0.938192	(11870/12652)
A	TRP	1034	Yes	No	0.932816	(19119/20496)
A	GLU	1035	Yes	Yes	0.477201	(4814/10088)
A	GLU	1036	Yes	No	0.820533	(9551/11640)
A	ALA	1037	Yes	No	0.944364	(7842/8304)
A	ARG	1038	Yes	Yes	0.414608	(5438/13116)
A	ILE	1039	Yes	No	0.91934	(8138/8852)
A	ARG	1040	Yes	No	0.771455	(11794/15288)
A	HIS	1041	Yes	No	0.935354	(14816/15840)
A	GLU	1042	Yes	No	0.763805	(8078/10576)
A	GLU	1043	Yes	No	0.912576	(10188/11164)
A	ILE	1044	Yes	No	0.946142	(12508/13220)
A	MET	1046	Yes	No	0.93753	(7834/8356)
A	LEU	1047	Yes	No	0.928079	(11033/11888)
A	LEU	1048	Yes	No	0.968555	(12413/12816)
A	GLU	1049	Yes	No	0.828571	(8468/10220)
A	LYS	1050	Yes	No	0.799775	(7809/9764)
A	ALA	1051	Yes	No	0.932621	(6547/7020)
A	LEU	1052	Yes	No	0.892902	(8554/9580)
A	THR	1053	Yes	No	0.90212	(5788/6416)
A	HIS	1054	Yes	No	0.860892	(8299/9640)
A	SER	1055	Yes	No	0.863755	(5300/6136)
A	SER	1056	Yes	No	0.802598	(3769/4696)
A	CYS	1057	Yes	No	0.665157	(2203/3312)
A	PRO	1058	Yes	No	0.716292	(1785/2492)
A	GLU	1059	Yes	No	0.701105	(1649/2352)
A	ALA	1060	Yes	No	0.841137	(1006/1196)
A	PRO	1061	Yes	No	0.813525	(1191/1464)
A	ALA	1062	Yes	No	0.86985	(929/1068)
A	ALA	1063	Yes	No	0.834586	(888/1064)
A	HIS	1064	Yes	No	0.826263	(1636/1980)
A	SER	1065	Yes	No	0.82756	(1099/1328)
A	ALA	1066	Yes	No	0.83194	(995/1196)
A	ARG	1067	Yes	No	0.757812	(2037/2688)
A	PRO	1068	Yes	No	0.810905	(1398/1724)
A	GLU	1069	Yes	No	0.742071	(1591/2144)
A	ARG	1070	Yes	No	0.69809	(1681/2408)
A	ARG	1071	Yes	No	0.717834	(1763/2456)
A	GLY	1072	Yes	No	0.866255	(842/972)
A	VAL	1073	Yes	No	0.8	(1280/1600)
A	ALA	1074	Yes	No	0.841176	(858/1020)
A	ALA	1075	Yes	No	0.880297	(831/944)
A	LYS	1076	Yes	No	0.828652	(1180/1424)
A	GLY	1077	Yes	No	0.895202	(709/792)
A	GLN	1078	Yes	No	0.860512	(1277/1484)
A	GLY	1079	Yes	No	0.944444	(782/828)
A	VAL	1080	Yes	No	0.886905	(1192/1344)
A	SER	1081	Yes	No	0.860032	(1063/1236)
A	VAL	1082	Yes	No	0.815341	(1148/1408)
A	GLU	1083	Yes	No	0.779243	(1359/1744)
A	VAL	1084	Yes	No	0.808786	(1252/1548)
A	THR	1085	Yes	No	0.685301	(1091/1592)
A	SER	1086	Yes	No	0.734029	(1195/1628)
A	LYS	1087	Yes	No	0.693578	(1512/2180)
A	GLY	1088	Yes	No	0.735663	(821/1116)
A	ARG	1089	Yes	No	0.554156	(1760/3176)
A	TRP	1090	Yes	No	0.658867	(2140/3248)
A	ASP	1091	Yes	No	0.731465	(1618/2212)
A	GLN	1092	Yes	No	0.599925	(1603/2672)
A	PRO	1093	Yes	No	0.774227	(1502/1940)
A	PRO	1094	Yes	No	0.796253	(1360/1708)
A	LEU	1095	Yes	No	0.697479	(1328/1904)
A	ASP	1096	Yes	No	0.762527	(1400/1836)
A	SER	1097	Yes	No	0.721033	(1145/1588)
A	LEU	1098	Yes	No	0.709173	(1407/1984)
A	GLY	1099	Yes	No	0.786565	(925/1176)
A	MET	1100	Yes	No	0.630819	(1355/2148)
A	ASP	1101	Yes	No	0.640158	(1457/2276)
A	HIS	1102	Yes	No	0.766239	(2029/2648)
A	LEU	1103	Yes	No	0.776316	(1829/2356)
A	PRO	1104	Yes	No	0.871241	(1854/2128)
A	LYS	1105	Yes	No	0.635593	(2250/3540)
A	SER	1106	Yes	No	0.756348	(1549/2048)
A	TYR	1107	Yes	No	0.616228	(2810/4560)
A	TRP	1108	Yes	No	0.380721	(2196/5768)
A	PRO	1109	Yes	No	0.668594	(1503/2248)
A	PRO	1110	Yes	No	0.723011	(1527/2112)
A	GLY	1111	Yes	No	0.725735	(987/1360)
A	PRO	1112	Yes	No	0.725694	(1463/2016)
A	PRO	1113	Yes	No	0.808314	(1400/1732)
A	ARG	1114	Yes	No	0.703626	(1669/2372)
A	GLY	1115	Yes	No	0.72822	(769/1056)
A	GLU	1116	Yes	No	0.697559	(1543/2212)
A	GLN	1117	Yes	No	0.578995	(1290/2228)
A	ASN	1118	Yes	No	0.56109	(1194/2128)
A	ARG	1119	Yes	No	0.585337	(1461/2496)
A	THR	1120	Yes	No	0.581382	(993/1708)
A	PHE	1121	Yes	No	0.582437	(1300/2232)
A	GLN	1122	Yes	No	0.572222	(1030/1800)
A	ALA	1123	Yes	No	0.663949	(733/1104)
A	GLY	1124	Yes	No	0.612385	(534/872)
A	SER	1125	Yes	No	0.572222	(721/1260)
A	PRO	1126	Yes	No	0.670858	(907/1352)
A	PRO	1127	Yes	No	0.665408	(881/1324)
A	GLN	1128	Yes	No	0.557416	(932/1672)
A	GLU	1129	Yes	No	0.586651	(1002/1708)
A	ALA	1130	Yes	No	0.639648	(655/1024)
A	GLY	1131	Yes	No	0.615116	(529/860)
A	GLN	1132	Yes	No	0.642157	(1048/1632)
A	ALA	1133	Yes	No	0.64749	(619/956)
A	ALA	1134	Yes	No	0.745	(745/1000)
A	GLU	1135	Yes	No	0.71778	(1203/1676)
A	ALA	1136	Yes	No	0.833977	(864/1036)
A	GLU	1137	Yes	No	0.81924	(1337/1632)
A	ASP	1138	Yes	No	0.808786	(1252/1548)
A	GLY	1139	Yes	No	0.775	(682/880)
A	LYS	1140	Yes	No	0.761053	(1446/1900)
A	GLY	1141	Yes	No	0.734043	(690/940)
A	SER	1142	Yes	No	0.813739	(1149/1412)
A	HIS	1143	Yes	No	0.727092	(1460/2008)
A	LYS	1144	Yes	No	0.833804	(1771/2124)
A	LEU	1145	Yes	No	0.784368	(1415/1804)
A	PRO	1146	Yes	No	0.891892	(1584/1776)
A	ASP	1147	Yes	No	0.792718	(1633/2060)
A	PRO	1148	Yes	No	0.823661	(1476/1792)
A	ALA	1149	Yes	No	0.810198	(1144/1412)
A	ARG	1150	Yes	No	0.732	(1830/2500)
A	GLU	1151	Yes	No	0.765098	(1723/2252)
A	HIS	1152	Yes	No	0.799912	(1811/2264)
A	LEU	1153	Yes	No	0.667614	(1410/2112)
A	LEU	1154	Yes	No	0.737342	(1398/1896)
A	ALA	1155	Yes	No	0.680685	(874/1284)
A	THR	1156	Yes	No	0.643957	(1087/1688)
A	THR	1157	Yes	No	0.589852	(1116/1892)
A	PHE	1158	Yes	No	0.588942	(1715/2912)
A	PHE	1159	Yes	No	0.485831	(1543/3176)
A	ARG	1160	Yes	No	0.490934	(1787/3640)
A	GLN	1161	Yes	No	0.505013	(1511/2992)
A	GLN	1162	Yes	No	0.420314	(1498/3564)
A	PRO	1163	Yes	No	0.484488	(1343/2772)
A	PRO	1164	Yes	No	0.51068	(1291/2528)
A	ARG	1165	Yes	No	0.369718	(1470/3976)
A	GLN	1166	Yes	No	0.407468	(1255/3080)
A	SER	1167	Yes	No	0.614286	(1032/1680)
A	GLN	1168	Yes	No	0.642294	(1467/2284)
A	VAL	1169	Yes	No	0.699897	(1355/1936)
A	PRO	1170	Yes	No	0.668403	(1155/1728)
A	ARG	1171	Yes	No	0.60007	(1709/2848)
A	LEU	1172	Yes	No	0.661728	(1072/1620)
A	THR	1173	Yes	No	0.68734	(1075/1564)
A	GLY	1174	Yes	No	0.724798	(719/992)
A	GLY	1175	Yes	No	0.618	(618/1000)
A	SER	1176	Yes	No	0.643258	(916/1424)
A	PHE	1177	Yes	No	0.632653	(1240/1960)
A	SER	1178	Yes	No	0.596045	(844/1416)
A	SER	1179	Yes	No	0.574176	(836/1456)
A	GLU	1180	Yes	No	0.53169	(1208/2272)
A	GLY	1181	Yes	No	0.590726	(586/992)
A	THR	1182	Yes	No	0.549528	(932/1696)
A	ASP	1183	Yes	No	0.616764	(1273/2064)
A	SER	1184	Yes	No	0.390177	(707/1812)
A	GLN	1185	Yes	No	0.568894	(1379/2424)
A	THR	1186	Yes	No	0.450658	(959/2128)
A	SER	1187	Yes	No	0.546392	(848/1552)
A	LEU	1188	Yes	No	0.597872	(1124/1880)
A	GLU	1189	Yes	No	0.668321	(1481/2216)
A	ASP	1190	Yes	No	0.633333	(1140/1800)
A	SER	1191	Yes	No	0.565385	(882/1560)
A	PRO	1192	Yes	No	0.634845	(1064/1676)
A	GLN	1193	Yes	No	0.67345	(1390/2064)
A	THR	1194	Yes	No	0.594606	(1389/2336)
A	SER	1195	Yes	No	0.529014	(1331/2516)
A	PRO	1196	Yes	No	0.566445	(1364/2408)
A	LEU	1197	Yes	No	0.594096	(1288/2168)
A	ALA	1198	Yes	No	0.548186	(967/1764)
A	SER	1199	Yes	No	0.588235	(640/1088)
A	LEU	1200	Yes	No	0.393617	(740/1880)

