Multi-reference mode: Off
Inclusion Radius: 15
Sequence separation: 0
Cutoffs: 0.5, 1, 2, 4
Residue properties label: locallddt
File: 4_rank1_altered.pdb_preprocessed
Average Z-Score for bond lengths: 0.13118
Bonds outside of tolerance range: 0 out of 2530
Bond	Avg Length	Avg zscore	Num Bonds
C-C	1.49904   	0.14283   	1512
C-N	1.43464   	0.03847   	506
C-O	1.25669   	0.16197   	474
C-S	1.81882   	0.51799   	38
Average Z-Score angle widths: -0.04064
Angles outside of tolerance range: 0 out of 2854
2 non-bonded short-range distances shorter than tolerance distance
Distances shorter than tolerance are on average shorter by: -0.26441
Coverage: 1.00000 (347 out of 347 residues)
Global LDDT score: 0.9152
(1737378 conserved distances out of 1898388 checked, over 4 thresholds)
Local LDDT Scores:
(A 'Yes' in the 'Quality Problems' column stands for problems
in the side-chain of a residue, while a 'Yes+' for problems
in the backbone)
Chain	ResName	ResNum	Asses.	Q.Prob.	Score	(Conserved/Total, over 4 thresholds)
A	MET	1	Yes	No	0.833861	(1054/1264)
A	ASP	2	Yes	No	0.825802	(2266/2744)
A	GLU	3	Yes	No	0.826053	(3215/3892)
A	ASP	4	Yes	No	0.914817	(5606/6128)
A	GLU	5	Yes	No	0.901204	(6586/7308)
A	ASP	6	Yes	No	0.906526	(8612/9500)
A	MET	7	Yes	No	0.896608	(10519/11732)
A	THR	8	Yes	No	0.900117	(9264/10292)
A	LYS	9	Yes	No	0.901066	(7778/8632)
A	THR	10	Yes	No	0.915006	(6610/7224)
A	ARG	11	Yes	No	0.933075	(6009/6440)
A	THR	12	Yes	No	0.846735	(6276/7412)
A	PHE	13	Yes	No	0.93147	(15332/16460)
A	PHE	14	Yes	No	0.938457	(9561/10188)
A	ALA	15	Yes	No	0.935094	(4956/5300)
A	ALA	16	Yes	No	0.932201	(6641/7124)
A	LYS	17	Yes	No	0.930007	(11480/12344)
A	ILE	18	Yes	No	0.935608	(7788/8324)
A	VAL	19	Yes	No	0.924494	(8032/8688)
A	ILE	20	Yes	No	0.920053	(12406/13484)
A	GLY	21	Yes	No	0.926409	(5325/5748)
A	ILE	22	Yes	No	0.935517	(8139/8700)
A	ALA	23	Yes	No	0.929614	(7132/7672)
A	LEU	24	Yes	No	0.934652	(13373/14308)
A	ALA	25	Yes	No	0.946407	(6269/6624)
A	GLY	26	Yes	No	0.961957	(5310/5520)
A	ILE	27	Yes	No	0.952678	(13730/14412)
A	MET	28	Yes	No	0.95411	(11144/11680)
A	LEU	29	Yes	No	0.882965	(7982/9040)
A	VAL	30	Yes	No	0.971774	(10122/10416)
A	CYS	31	Yes	No	0.946624	(10375/10960)
A	GLY	32	Yes	No	0.972969	(5939/6104)
A	ILE	33	Yes	No	0.985767	(10666/10820)
A	GLY	34	Yes	No	0.992512	(6892/6944)
A	ASN	35	Yes	No	0.983079	(15222/15484)
A	PHE	36	Yes	No	0.975353	(14642/15012)
A	VAL	37	Yes	No	0.970316	(11310/11656)
A	PHE	38	Yes	No	0.969681	(20693/21340)
A	ILE	39	Yes	No	0.97524	(12998/13328)
A	ALA	40	Yes	No	0.96405	(7026/7288)
A	ALA	41	Yes	No	0.962022	(7346/7636)
A	LEU	42	Yes	No	0.958988	(11481/11972)
A	THR	43	Yes	No	0.960752	(7613/7924)
A	ARG	44	Yes	No	0.790471	(8262/10452)
A	TYR	45	Yes	No	0.93779	(12934/13792)
A	LYS	46	Yes	No	0.919463	(6028/6556)
A	LYS	47	Yes	No	0.850443	(7671/9020)
A	LEU	48	Yes	No	0.887902	(10598/11936)
A	ARG	49	Yes	No	0.817185	(9463/11580)
A	ASN	50	Yes	No	0.869004	(11304/13008)
A	LEU	51	Yes	No	0.888473	(11145/12544)
A	THR	52	Yes	No	0.900821	(13170/14620)
A	ASN	53	Yes	No	0.90959	(14568/16016)
A	LEU	54	Yes	No	0.958029	(13125/13700)
A	LEU	55	Yes	No	0.949766	(15390/16204)
A	ILE	56	Yes	No	0.943405	(17453/18500)
A	ALA	57	Yes	No	0.970926	(10152/10456)
A	ASN	58	Yes	No	0.969246	(16136/16648)
A	LEU	59	Yes	No	0.957526	(18779/19612)
A	ALA	60	Yes	No	0.97571	(10444/10704)
A	ILE	61	Yes	No	0.981975	(14655/14924)
A	SER	62	Yes	No	0.968362	(12794/13212)
A	ASP	63	Yes	No	0.966073	(17683/18304)
A	PHE	64	Yes	No	0.979509	(16922/17276)
A	LEU	65	Yes	No	0.971698	(13390/13780)
A	VAL	66	Yes	No	0.96659	(14263/14756)
A	ALA	67	Yes	No	0.966652	(8638/8936)
A	ILE	68	Yes	No	0.965007	(10700/11088)
A	ILE	69	Yes	No	0.962753	(11399/11840)
A	CYS	70	Yes	No	0.94841	(11453/12076)
A	CYS	71	Yes	No	0.93995	(11223/11940)
A	PRO	72	Yes	No	0.937699	(10581/11284)
A	PHE	73	Yes	No	0.939547	(15946/16972)
A	GLU	74	Yes	No	0.930517	(18588/19976)
A	MET	75	Yes	No	0.929704	(12075/12988)
A	ASP	76	Yes	No	0.927906	(10760/11596)
A	TYR	77	Yes	No	0.935812	(22729/24288)
A	TYR	78	Yes	Yes	0.315274	(7245/22980)
A	VAL	79	Yes	No	0.934455	(10051/10756)
A	VAL	80	Yes	No	0.936564	(8253/8812)
A	ARG	81	Yes	No	0.916264	(12901/14080)
A	GLN	82	Yes	No	0.931632	(13177/14144)
A	LEU	83	Yes	No	0.925168	(14910/16116)
A	SER	84	Yes	No	0.943496	(9284/9840)
A	TRP	85	Yes	No	0.934678	(21034/22504)
A	GLU	86	Yes	No	0.95077	(10371/10908)
A	HIS	87	Yes	No	0.955441	(11836/12388)
A	GLY	88	Yes	No	0.977578	(4665/4772)
A	HIS	89	Yes	No	0.985577	(10865/11024)
A	VAL	90	Yes	No	0.985218	(6865/6968)
A	LEU	91	Yes	No	0.965514	(9771/10120)
A	CYS	92	Yes	No	0.947262	(9412/9936)
A	ALA	93	Yes	No	0.963646	(7528/7812)
A	SER	94	Yes	No	0.969428	(8752/9028)
A	VAL	95	Yes	No	0.950015	(12563/13224)
A	ASN	96	Yes	No	0.951088	(16431/17276)
A	TYR	97	Yes	No	0.968897	(19002/19612)
A	LEU	98	Yes	No	0.965055	(14167/14680)
A	ARG	99	Yes	Yes	0.334974	(9118/27220)
A	THR	100	Yes	No	0.964128	(15723/16308)
A	VAL	101	Yes	No	0.964844	(13091/13568)
A	SER	102	Yes	No	0.965025	(13051/13524)
A	LEU	103	Yes	No	0.902772	(18626/20632)
A	TYR	104	Yes	No	0.941906	(24904/26440)
A	VAL	105	Yes	No	0.969129	(14378/14836)
A	SER	106	Yes	No	0.955764	(14692/15372)
A	THR	107	Yes	No	0.960864	(16646/17324)
A	ASN	108	Yes	No	0.94261	(16047/17024)
A	ALA	109	Yes	No	0.959134	(11383/11868)
A	LEU	110	Yes	No	0.955724	(18801/19672)
A	LEU	111	Yes	No	0.964745	(15899/16480)
A	ALA	112	Yes	No	0.955155	(10117/10592)
A	ILE	113	Yes	No	0.948886	(17543/18488)
A	ALA	114	Yes	No	0.967939	(10144/10480)
A	ILE	115	Yes	No	0.959662	(13727/14304)
A	ASP	116	Yes	No	0.932193	(14009/15028)
A	ARG	117	Yes	No	0.840781	(19042/22648)
A	TYR	118	Yes	No	0.96093	(16528/17200)
A	LEU	119	Yes	No	0.948042	(10364/10932)
A	ALA	120	Yes	No	0.928912	(7409/7976)
A	ILE	121	Yes	No	0.946782	(12827/13548)
A	VAL	122	Yes	No	0.966055	(9050/9368)
A	HIS	123	Yes	No	0.845033	(8234/9744)
A	PRO	124	Yes	No	0.940725	(6491/6900)
A	LEU	125	Yes	No	0.946809	(4272/4512)
A	LYS	126	Yes	No	0.832846	(5127/6156)
A	PRO	127	Yes	No	0.953249	(4812/5048)
A	ARG	128	Yes	No	0.801659	(10149/12660)
A	MET	129	Yes	No	0.900059	(9213/10236)
A	ASN	130	Yes	No	0.958546	(6752/7044)
A	TYR	131	Yes	No	0.732996	(8535/11644)
A	GLN	132	Yes	No	0.966381	(5404/5592)
A	THR	133	Yes	No	0.940805	(6405/6808)
A	ALA	134	Yes	No	0.956865	(6300/6584)
A	SER	135	Yes	No	0.958128	(6224/6496)
A	PHE	136	Yes	No	0.934104	(8321/8908)
A	LEU	137	Yes	No	0.89275	(9506/10648)
A	ILE	138	Yes	No	0.958414	(11846/12360)
A	ALA	139	Yes	No	0.961656	(5643/5868)
A	LEU	140	Yes	No	0.899731	(8022/8916)
A	VAL	141	Yes	No	0.906653	(10412/11484)
A	TRP	142	Yes	No	0.975061	(20683/21212)
A	MET	143	Yes	No	0.970025	(7702/7940)
A	VAL	144	Yes	No	0.923956	(8323/9008)
A	SER	145	Yes	No	0.954918	(9553/10004)
A	ILE	146	Yes	No	0.978046	(10113/10340)
A	LEU	147	Yes	No	0.970901	(8408/8660)
A	ILE	148	Yes	No	0.844649	(10450/12372)
A	ALA	149	Yes	No	0.969676	(8250/8508)
A	ILE	150	Yes	No	0.982585	(10156/10336)
A	PRO	151	Yes	No	0.971984	(10443/10744)
A	SER	152	Yes	No	0.908712	(10243/11272)
A	ALA	153	Yes	No	0.972134	(7326/7536)
A	TYR	154	Yes	No	0.989638	(12798/12932)
A	PHE	155	Yes	No	0.978227	(14916/15248)
A	ALA	156	Yes	No	0.964268	(7664/7948)
A	THR	157	Yes	No	0.957557	(9453/9872)
A	GLU	158	Yes	No	0.971421	(11047/11372)
A	THR	159	Yes	No	0.865005	(7529/8704)
A	VAL	160	Yes	No	0.973802	(6988/7176)
A	LEU	161	Yes	No	0.940141	(10680/11360)
A	PHE	162	Yes	No	0.910184	(12870/14140)
A	ILE	163	Yes	No	0.931833	(5878/6308)
A	VAL	164	Yes	No	0.880303	(5810/6600)
A	LYS	165	Yes	No	0.853195	(4754/5572)
A	SER	166	Yes	No	0.882628	(2835/3212)
A	GLN	167	Yes	No	0.874368	(6222/7116)
A	GLU	168	Yes	No	0.966575	(7721/7988)
A	LYS	169	Yes	No	0.930016	(11588/12460)
A	ILE	170	Yes	No	0.956148	(11011/11516)
A	PHE	171	Yes	No	0.941514	(19173/20364)
A	CYS	172	Yes	No	0.938336	(10941/11660)
A	GLY	173	Yes	No	0.948529	(7611/8024)
A	GLN	174	Yes	No	0.933278	(17904/19184)
A	ILE	175	Yes	No	0.969085	(11943/12324)
A	TRP	176	Yes	No	0.983673	(19701/20028)
A	PRO	177	Yes	No	0.96997	(6363/6560)
A	VAL	178	Yes	No	0.911523	(4667/5120)
A	ASP	179	Yes	No	0.958115	(4392/4584)
A	GLN	180	Yes	No	0.982105	(7409/7544)
A	GLN	181	Yes	No	0.859899	(7175/8344)
A	LEU	182	Yes	No	0.9782	(6327/6468)
A	TYR	183	Yes	No	0.989223	(10189/10300)
A	TYR	184	Yes	No	0.909157	(14932/16424)
A	LYS	185	Yes	No	0.978689	(10746/10980)
A	SER	186	Yes	No	0.984366	(6863/6972)
A	TYR	187	Yes	No	0.980662	(19676/20064)
A	PHE	188	Yes	No	0.97732	(18616/19048)
A	LEU	189	Yes	No	0.98828	(9950/10068)
A	PHE	190	Yes	No	0.979703	(13853/14140)
A	ILE	191	Yes	No	0.974376	(14374/14752)
A	PHE	192	Yes	No	0.985333	(16258/16500)
A	GLY	193	Yes	No	0.987427	(5419/5488)
A	VAL	194	Yes	No	0.92434	(9798/10600)
A	GLU	195	Yes	No	0.935428	(16819/17980)
A	PHE	196	Yes	No	0.980222	(18338/18708)
A	VAL	197	Yes	No	0.991079	(9221/9304)
A	GLY	198	Yes	No	0.987025	(5401/5472)
A	PRO	199	Yes	No	0.980228	(11849/12088)
A	VAL	200	Yes	No	0.990029	(10823/10932)
A	VAL	201	Yes	No	0.988892	(8101/8192)
A	THR	202	Yes	No	0.984316	(9414/9564)
A	MET	203	Yes	No	0.914268	(13341/14592)
A	THR	204	Yes	No	0.987688	(9707/9828)
A	LEU	205	Yes	No	0.986671	(9105/9228)
A	CYS	206	Yes	No	0.979672	(9205/9396)
A	TYR	207	Yes	No	0.984337	(21179/21516)
A	ALA	208	Yes	No	0.989439	(6558/6628)
A	ARG	209	Yes	No	0.95062	(11339/11928)
A	ILE	210	Yes	No	0.979414	(12560/12824)
A	SER	211	Yes	No	0.985324	(7855/7972)
A	ARG	212	Yes	No	0.986947	(9905/10036)
A	GLU	213	Yes	No	0.968861	(10890/11240)
A	LEU	214	Yes	No	0.970787	(11199/11536)
A	TRP	215	Yes	No	0.842989	(13299/15776)
A	PHE	216	Yes	No	0.98275	(7634/7768)
A	LYS	217	Yes	No	0.96275	(7702/8000)
A	ALA	218	Yes	No	0.977062	(3791/3880)
A	VAL	219	Yes	No	0.971154	(6262/6448)
A	PRO	220	Yes	No	0.96859	(4533/4680)
A	GLY	221	Yes	No	0.99375	(2067/2080)
A	PHE	222	Yes	No	0.908978	(3665/4032)
A	GLN	223	Yes	No	0.909046	(5527/6080)
A	THR	224	Yes	No	0.88089	(4038/4584)
A	GLU	225	Yes	No	0.831529	(5222/6280)
A	GLN	226	Yes	No	0.745747	(5611/7524)
A	ILE	227	Yes	No	0.892599	(6923/7756)
A	ARG	228	Yes	No	0.891281	(8157/9152)
A	LYS	229	Yes	No	0.841368	(7993/9500)
A	ARG	230	Yes	No	0.84418	(12271/14536)
A	LEU	231	Yes	No	0.924982	(10086/10904)
A	ARG	232	Yes	No	0.872051	(10203/11700)
A	CYS	233	Yes	No	0.86872	(8093/9316)
A	ARG	234	Yes	No	0.902142	(17184/19048)
A	ARG	235	Yes	No	0.963138	(13665/14188)
A	LYS	236	Yes	No	0.894494	(10852/12132)
A	THR	237	Yes	No	0.910163	(12269/13480)
A	VAL	238	Yes	No	0.969314	(12035/12416)
A	LEU	239	Yes	No	0.964193	(10448/10836)
A	VAL	240	Yes	No	0.929911	(10906/11728)
A	LEU	241	Yes	No	0.959872	(15907/16572)
A	MET	242	Yes	No	0.973502	(12675/13020)
A	CYS	243	Yes	No	0.96268	(8564/8896)
A	ILE	244	Yes	No	0.961143	(15509/16136)
A	LEU	245	Yes	No	0.975923	(14065/14412)
A	THR	246	Yes	No	0.896699	(8802/9816)
A	ALA	247	Yes	No	0.972788	(7829/8048)
A	TYR	248	Yes	No	0.962048	(23651/24584)
A	VAL	249	Yes	No	0.983598	(10674/10852)
A	LEU	250	Yes	No	0.978355	(9447/9656)
A	CYS	251	Yes	No	0.960822	(9908/10312)
A	TRP	252	Yes	No	0.944377	(28150/29808)
A	ALA	253	Yes	No	0.971986	(7321/7532)
A	PRO	254	Yes	No	0.952077	(9258/9724)
A	PHE	255	Yes	No	0.945308	(21277/22508)
A	TYR	256	Yes	No	0.96423	(22158/22980)
A	GLY	257	Yes	No	0.981135	(5773/5884)
A	PHE	258	Yes	No	0.941884	(16061/17052)
A	THR	259	Yes	No	0.956792	(12312/12868)
A	ILE	260	Yes	No	0.98938	(10527/10640)
A	ARG	262	Yes	No	0.960359	(17782/18516)
A	ASP	263	Yes	No	0.978489	(11554/11808)
A	PHE	264	Yes	No	0.98673	(11154/11304)
A	PHE	265	Yes	No	0.982369	(8079/8224)
A	PRO	266	Yes	No	0.98131	(6143/6260)
A	THR	267	Yes	No	0.989991	(4253/4296)
A	VAL	268	Yes	No	0.99792	(5277/5288)
A	PHE	269	Yes	No	0.963264	(10908/11324)
A	VAL	270	Yes	No	0.982299	(4939/5028)
A	LYS	271	Yes	No	0.98406	(4692/4768)
A	GLU	272	Yes	No	0.96309	(7593/7884)
A	LYS	273	Yes	No	0.92922	(8192/8816)
A	HIS	274	Yes	No	0.912917	(10955/12000)
A	TYR	275	Yes	No	0.936211	(17069/18232)
A	LEU	276	Yes	No	0.940742	(14145/15036)
A	THR	277	Yes	No	0.937957	(11293/12040)
A	ALA	278	Yes	No	0.936888	(7660/8176)
A	PHE	279	Yes	No	0.938628	(21014/22388)
A	TYR	280	Yes	Yes	0.301445	(7887/26164)
A	VAL	281	Yes	No	0.932622	(11184/11992)
A	VAL	282	Yes	No	0.928915	(11199/12056)
A	GLU	283	Yes	No	0.919261	(19014/20684)
A	CYS	284	Yes	No	0.942081	(11207/11896)
A	ILE	285	Yes	No	0.9269	(12198/13160)
A	ALA	286	Yes	No	0.942647	(10256/10880)
A	MET	287	Yes	Yes	0.468861	(8959/19108)
A	SER	288	Yes	No	0.948927	(11148/11748)
A	ASN	289	Yes	No	0.892682	(16029/17956)
A	SER	290	Yes	No	0.964529	(13596/14096)
A	MET	291	Yes	No	0.97276	(13856/14244)
A	ILE	292	Yes	No	0.978498	(13652/13952)
A	ASN	293	Yes	No	0.973638	(17654/18132)
A	THR	294	Yes	No	0.975795	(13747/14088)
A	VAL	295	Yes	No	0.979876	(10712/10932)
A	CYS	296	Yes	No	0.962758	(9901/10284)
A	PHE	297	Yes	No	0.915011	(21554/23556)
A	VAL	298	Yes	No	0.943489	(11186/11856)
A	THR	299	Yes	No	0.935433	(8823/9432)
A	VAL	300	Yes	No	0.872607	(10028/11492)
A	LYS	301	Yes	No	0.886569	(14905/16812)
A	ASN	302	Yes	No	0.886645	(8604/9704)
A	ASN	303	Yes	No	0.910428	(10896/11968)
A	THR	304	Yes	No	0.952504	(11030/11580)
A	MET	305	Yes	No	0.930882	(8862/9520)
A	LYS	306	Yes	No	0.798092	(8198/10272)
A	TYR	307	Yes	No	0.914368	(14853/16244)
A	PHE	308	Yes	No	0.908124	(11871/13072)
A	LYS	309	Yes	No	0.944656	(7425/7860)
A	LYS	310	Yes	No	0.945036	(8339/8824)
A	MET	311	Yes	No	0.919981	(7864/8548)
A	MET	312	Yes	No	0.878505	(6016/6848)
A	LEU	313	Yes	No	0.953838	(5269/5524)
A	LEU	314	Yes	No	0.927279	(5738/6188)
A	HIS	315	Yes	No	0.833432	(5634/6760)
A	TRP	316	Yes	No	0.787237	(4947/6284)
A	ARG	317	Yes	No	0.891948	(5184/5812)
A	PRO	318	Yes	No	0.922025	(2696/2924)
A	SER	319	Yes	No	0.84823	(1917/2260)
A	GLN	320	Yes	No	0.703202	(2284/3248)
A	ARG	321	Yes	No	0.732759	(1870/2552)
A	GLY	322	Yes	No	0.69582	(899/1292)
A	SER	323	Yes	No	0.641156	(1131/1764)
A	LYS	324	Yes	No	0.504893	(1135/2248)
A	SER	325	Yes	No	0.506637	(916/1808)
A	SER	326	Yes	No	0.688272	(1115/1620)
A	ALA	327	Yes	No	0.66443	(1188/1788)
A	ASP	328	Yes	No	0.537431	(1565/2912)
A	LEU	329	Yes	No	0.659281	(1577/2392)
A	ASP	330	Yes	No	0.522496	(1231/2356)
A	LEU	331	Yes	No	0.631811	(1716/2716)
A	ARG	332	Yes	No	0.560298	(1654/2952)
A	THR	333	Yes	No	0.61028	(1306/2140)
A	ASN	334	Yes	No	0.57767	(1428/2472)
A	GLY	335	Yes	No	0.68323	(880/1288)
A	VAL	336	Yes	No	0.650216	(1805/2776)
A	PRO	337	Yes	No	0.713629	(1864/2612)
A	THR	338	Yes	No	0.720109	(2650/3680)
A	THR	339	Yes	No	0.638756	(2670/4180)
A	GLU	340	Yes	No	0.595216	(3807/6396)
A	GLU	341	Yes	No	0.677443	(6601/9744)
A	VAL	342	Yes	No	0.693446	(5015/7232)
A	ASP	343	Yes	No	0.636984	(4757/7468)
A	CYS	344	Yes	No	0.660513	(5152/7800)
A	ILE	345	Yes	No	0.621094	(6201/9984)
A	ARG	346	Yes	No	0.589127	(4508/7652)
A	LEU	347	Yes	No	0.41045	(2993/7292)
A	LYS	348	Yes	No	0.421426	(4280/10156)

