Multi-reference mode: Off
Inclusion Radius: 15
Sequence separation: 0
Cutoffs: 0.5, 1, 2, 4
Residue properties label: locallddt
File: 3_rank1_altered.pdb_preprocessed
Average Z-Score for bond lengths: 0.08271
Bonds outside of tolerance range: 0 out of 2489
Bond	Avg Length	Avg zscore	Num Bonds
C-C	1.50211   	0.15038   	1466
C-N	1.43369   	-0.19888  	500
C-O	1.25811   	0.14273   	489
C-S	1.81765   	0.44275   	34
Average Z-Score angle widths: -0.02849
Angles outside of tolerance range: 0 out of 2805
0 non-bonded short-range distances shorter than tolerance distance
Distances shorter than tolerance are on average shorter by: 0.00000
Coverage: 1.00000 (361 out of 361 residues)
Global LDDT score: 0.8764
(1425658 conserved distances out of 1626656 checked, over 4 thresholds)
Local LDDT Scores:
(A 'Yes' in the 'Quality Problems' column stands for problems
in the side-chain of a residue, while a 'Yes+' for problems
in the backbone)
Chain	ResName	ResNum	Asses.	Q.Prob.	Score	(Conserved/Total, over 4 thresholds)
A	MET	1	Yes	No	0.79886	(4905/6140)
A	ALA	2	Yes	No	0.840855	(4248/5052)
A	PHE	3	Yes	No	0.890106	(7719/8672)
A	LEU	4	Yes	No	0.904025	(7771/8596)
A	MET	5	Yes	No	0.826202	(9964/12060)
A	HIS	6	Yes	No	0.855274	(12162/14220)
A	LEU	7	Yes	No	0.947951	(10363/10932)
A	LEU	8	Yes	No	0.907965	(12174/13408)
A	VAL	9	Yes	No	0.926704	(13326/14380)
A	CYS	10	Yes	No	0.947377	(11198/11820)
A	VAL	11	Yes	No	0.976051	(13286/13612)
A	PHE	12	Yes	No	0.970509	(24616/25364)
A	GLY	13	Yes	No	0.98833	(9231/9340)
A	MET	14	Yes	No	0.927481	(16038/17292)
A	GLY	15	Yes	No	0.987092	(9559/9684)
A	SER	16	Yes	No	0.93358	(13395/14348)
A	TRP	17	Yes	No	0.953847	(30153/31612)
A	VAL	18	Yes	No	0.973387	(16349/16796)
A	THR	19	Yes	No	0.974983	(17538/17988)
A	ILE	20	Yes	No	0.966528	(19578/20256)
A	ASN	21	Yes	No	0.920114	(18152/19728)
A	GLY	22	Yes	No	0.94374	(9830/10416)
A	LEU	23	Yes	No	0.959621	(20747/21620)
A	TRP	24	Yes	No	0.892108	(29436/32996)
A	VAL	25	Yes	No	0.888282	(14646/16488)
A	GLU	26	Yes	No	0.929808	(19221/20672)
A	LEU	27	Yes	No	0.89097	(16793/18848)
A	PRO	28	Yes	No	0.856722	(13101/15292)
A	LEU	29	Yes	No	0.867589	(13288/15316)
A	LEU	30	Yes	No	0.9497	(16483/17356)
A	VAL	31	Yes	No	0.850964	(11117/13064)
A	MET	32	Yes	No	0.768474	(10150/13208)
A	GLU	33	Yes	No	0.817945	(11605/14188)
A	LEU	34	Yes	No	0.895906	(12256/13680)
A	PRO	35	Yes	No	0.900519	(8681/9640)
A	GLU	36	Yes	No	0.89781	(12300/13700)
A	GLY	37	Yes	No	0.837825	(5285/6308)
A	TRP	38	Yes	No	0.715473	(15065/21056)
A	TYR	39	Yes	No	0.799658	(10741/13432)
A	LEU	40	Yes	No	0.918139	(13515/14720)
A	PRO	41	Yes	No	0.86232	(10779/12500)
A	SER	42	Yes	No	0.860643	(7553/8776)
A	TYR	43	Yes	No	0.900975	(15522/17228)
A	LEU	44	Yes	No	0.944578	(15680/16600)
A	THR	45	Yes	No	0.853283	(9980/11696)
A	VAL	46	Yes	No	0.930473	(8739/9392)
A	VAL	47	Yes	No	0.969377	(10826/11168)
A	ILE	48	Yes	No	0.965303	(13966/14468)
A	GLN	49	Yes	No	0.939846	(11921/12684)
A	LEU	50	Yes	No	0.974628	(8643/8868)
A	ALA	51	Yes	No	0.985019	(7364/7476)
A	ASN	52	Yes	No	0.951394	(10374/10904)
A	ILE	53	Yes	No	0.977772	(8182/8368)
A	GLY	54	Yes	No	0.973886	(5594/5744)
A	PRO	55	Yes	No	0.964314	(9782/10144)
A	LEU	56	Yes	No	0.953158	(7244/7600)
A	LEU	57	Yes	No	0.955034	(8538/8940)
A	VAL	58	Yes	No	0.933064	(8782/9412)
A	THR	59	Yes	No	0.93701	(6694/7144)
A	LEU	60	Yes	No	0.892984	(5040/5644)
A	LEU	61	Yes	No	0.865684	(6226/7192)
A	HIS	62	Yes	No	0.832652	(8553/10272)
A	HIS	63	Yes	No	0.947924	(5206/5492)
A	PHE	64	Yes	No	0.968656	(5130/5296)
A	ARG	65	Yes	No	0.915942	(5056/5520)
A	PRO	66	Yes	No	0.889301	(4073/4580)
A	SER	67	Yes	No	0.88081	(2956/3356)
A	CYS	68	Yes	No	0.900814	(3542/3932)
A	LEU	69	Yes	No	0.906172	(7282/8036)
A	SER	70	Yes	No	0.933403	(6209/6652)
A	GLU	71	Yes	No	0.913568	(11891/13016)
A	VAL	72	Yes	No	0.924324	(9576/10360)
A	PRO	73	Yes	No	0.946639	(8338/8808)
A	ILE	74	Yes	No	0.945839	(11910/12592)
A	ILE	75	Yes	No	0.959361	(14778/15404)
A	PHE	76	Yes	No	0.968297	(15241/15740)
A	THR	77	Yes	No	0.974914	(10221/10484)
A	LEU	78	Yes	No	0.973721	(15229/15640)
A	LEU	79	Yes	No	0.988522	(15674/15856)
A	GLY	80	Yes	No	0.994223	(6196/6232)
A	VAL	81	Yes	No	0.990322	(10949/11056)
A	GLY	82	Yes	No	0.990941	(7876/7948)
A	THR	83	Yes	No	0.992031	(11702/11796)
A	VAL	84	Yes	No	0.992866	(9325/9392)
A	THR	85	Yes	No	0.993419	(12076/12156)
A	CYS	86	Yes	No	0.989902	(11372/11488)
A	ILE	87	Yes	No	0.982925	(10592/10776)
A	ILE	88	Yes	No	0.990818	(10467/10564)
A	PHE	89	Yes	No	0.985733	(22179/22500)
A	ALA	90	Yes	No	0.975366	(7721/7916)
A	PHE	91	Yes	No	0.979611	(11387/11624)
A	LEU	92	Yes	No	0.985044	(10209/10364)
A	TRP	93	Yes	No	0.976475	(23244/23804)
A	ASN	94	Yes	No	0.921899	(9632/10448)
A	MET	95	Yes	No	0.842461	(7599/9020)
A	THR	96	Yes	No	0.948704	(7176/7564)
A	SER	97	Yes	No	0.953415	(5137/5388)
A	TRP	98	Yes	No	0.917609	(6493/7076)
A	VAL	99	Yes	No	0.958808	(4376/4564)
A	LEU	100	Yes	No	0.954452	(3730/3908)
A	ASP	101	Yes	No	0.920717	(3031/3292)
A	GLY	102	Yes	No	0.925487	(2658/2872)
A	HIS	103	Yes	No	0.821791	(7120/8664)
A	HIS	104	Yes	No	0.956629	(10477/10952)
A	SER	105	Yes	No	0.980898	(9346/9528)
A	ILE	106	Yes	No	0.938072	(9846/10496)
A	ALA	107	Yes	No	0.984981	(7411/7524)
A	PHE	108	Yes	No	0.983193	(22405/22788)
A	LEU	109	Yes	No	0.98671	(14181/14372)
A	VAL	110	Yes	No	0.986137	(10528/10676)
A	LEU	111	Yes	No	0.98481	(14004/14220)
A	THR	112	Yes	No	0.990569	(15124/15268)
A	PHE	113	Yes	No	0.992842	(16505/16624)
A	PHE	114	Yes	No	0.995806	(17096/17168)
A	LEU	115	Yes	No	0.995376	(18084/18168)
A	ALA	116	Yes	No	0.99478	(10290/10344)
A	LEU	117	Yes	No	0.930382	(13070/14048)
A	VAL	118	Yes	No	0.994345	(14947/15032)
A	ASP	119	Yes	No	0.988075	(18809/19036)
A	CYS	120	Yes	No	0.985446	(11443/11612)
A	THR	121	Yes	No	0.983861	(13046/13260)
A	SER	122	Yes	No	0.986364	(13237/13420)
A	SER	123	Yes	No	0.98027	(11626/11860)
A	VAL	124	Yes	No	0.973128	(11335/11648)
A	THR	125	Yes	No	0.970218	(12640/13028)
A	PHE	126	Yes	No	0.971075	(23131/23820)
A	LEU	127	Yes	No	0.951976	(12429/13056)
A	PRO	128	Yes	No	0.922063	(10139/10996)
A	PHE	129	Yes	No	0.900385	(19171/21292)
A	MET	130	Yes	No	0.826204	(12631/15288)
A	SER	131	Yes	No	0.766166	(6635/8660)
A	ARG	132	Yes	No	0.746191	(11951/16016)
A	LEU	133	Yes	No	0.817607	(11247/13756)
A	PRO	134	Yes	No	0.752993	(7798/10356)
A	THR	135	Yes	No	0.726065	(6886/9484)
A	TYR	136	Yes	No	0.733345	(12153/16572)
A	TYR	137	Yes	No	0.818753	(16303/19912)
A	LEU	138	Yes	No	0.862191	(11005/12764)
A	THR	139	Yes	No	0.879235	(9239/10508)
A	THR	140	Yes	No	0.896687	(10771/12012)
A	PHE	141	Yes	No	0.965849	(21353/22108)
A	PHE	142	Yes	No	0.933145	(16819/18024)
A	VAL	143	Yes	No	0.92641	(10776/11632)
A	GLY	144	Yes	No	0.974223	(7899/8108)
A	GLU	145	Yes	No	0.873878	(15576/17824)
A	GLY	146	Yes	No	0.92808	(6749/7272)
A	LEU	147	Yes	No	0.948769	(13408/14132)
A	SER	148	Yes	No	0.950278	(12289/12932)
A	GLY	149	Yes	No	0.893735	(7275/8140)
A	LEU	150	Yes	No	0.885057	(11265/12728)
A	LEU	151	Yes	No	0.943752	(12869/13636)
A	PRO	152	Yes	No	0.922795	(13100/14196)
A	ALA	153	Yes	No	0.876926	(7966/9084)
A	LEU	154	Yes	No	0.874021	(9824/11240)
A	VAL	155	Yes	No	0.92971	(10145/10912)
A	ALA	156	Yes	No	0.896482	(7950/8868)
A	LEU	157	Yes	No	0.786684	(8578/10904)
A	ALA	158	Yes	No	0.898621	(5345/5948)
A	GLN	159	Yes	No	0.950939	(12754/13412)
A	GLY	160	Yes	No	0.90614	(5165/5700)
A	SER	161	Yes	No	0.861511	(9325/10824)
A	GLY	162	Yes	No	0.853659	(5880/6888)
A	LEU	163	Yes	No	0.862072	(9069/10520)
A	THR	164	Yes	No	0.843226	(7245/8592)
A	THR	165	Yes	No	0.899022	(5333/5932)
A	CYS	166	Yes	No	0.875559	(3919/4476)
A	VAL	167	Yes	No	0.853242	(4000/4688)
A	ASN	168	Yes	No	0.943592	(4182/4432)
A	VAL	169	Yes	No	0.798163	(3911/4900)
A	THR	170	Yes	No	0.871086	(3561/4088)
A	GLU	171	Yes	No	0.747437	(4374/5852)
A	ILE	172	Yes	No	0.820367	(3311/4036)
A	SER	173	Yes	No	0.669753	(1736/2592)
A	ASP	174	Yes	No	0.774718	(2194/2832)
A	SER	175	Yes	No	0.648438	(996/1536)
A	VAL	176	Yes	No	0.759259	(1476/1944)
A	PRO	177	Yes	No	0.658947	(1252/1900)
A	SER	178	Yes	No	0.724359	(1243/1716)
A	PRO	179	Yes	No	0.713483	(1270/1780)
A	VAL	180	Yes	No	0.690918	(1415/2048)
A	PRO	181	Yes	No	0.742886	(1462/1968)
A	THR	182	Yes	No	0.510432	(1419/2780)
A	ARG	183	Yes	No	0.278233	(1764/6340)
A	GLU	184	Yes	No	0.218445	(1253/5736)
A	THR	185	Yes	No	0.227039	(1325/5836)
A	ASP	186	Yes	No	0.222181	(1206/5428)
A	ILE	187	Yes	No	0.182559	(1210/6628)
A	ALA	188	Yes	No	0.291779	(866/2968)
A	GLN	189	Yes	No	0.224809	(1410/6272)
A	GLY	190	Yes	No	0.457176	(790/1728)
A	VAL	191	Yes	No	0.444954	(1358/3052)
A	PRO	192	Yes	No	0.734469	(1466/1996)
A	ARG	193	Yes	No	0.490236	(2159/4404)
A	ALA	194	Yes	No	0.738095	(930/1260)
A	LEU	195	Yes	No	0.602604	(1157/1920)
A	VAL	196	Yes	No	0.643654	(1846/2868)
A	SER	197	Yes	No	0.706067	(1350/1912)
A	ALA	198	Yes	No	0.691257	(1012/1464)
A	LEU	199	Yes	No	0.693	(1386/2000)
A	PRO	200	Yes	No	0.782808	(1193/1524)
A	GLY	201	Yes	No	0.774074	(836/1080)
A	MET	202	Yes	No	0.800083	(1933/2416)
A	GLU	203	Yes	No	0.661579	(2731/4128)
A	ALA	204	Yes	No	0.832398	(2374/2852)
A	PRO	205	Yes	No	0.841205	(3099/3684)
A	LEU	206	Yes	No	0.680051	(3743/5504)
A	SER	207	Yes	No	0.798618	(3121/3908)
A	HIS	208	Yes	No	0.650662	(5109/7852)
A	LEU	209	Yes	No	0.734687	(4558/6204)
A	GLU	210	Yes	No	0.663139	(5451/8220)
A	SER	211	Yes	No	0.730938	(4985/6820)
A	ARG	212	Yes	No	0.723917	(7355/10160)
A	TYR	213	Yes	No	0.781331	(13317/17044)
A	LEU	214	Yes	No	0.895355	(7324/8180)
A	PRO	215	Yes	No	0.93003	(6287/6760)
A	ALA	216	Yes	No	0.970388	(5702/5876)
A	HIS	217	Yes	No	0.864717	(7274/8412)
A	PHE	218	Yes	No	0.968056	(12728/13148)
A	SER	219	Yes	No	0.934836	(7546/8072)
A	PRO	220	Yes	No	0.970833	(11883/12240)
A	LEU	221	Yes	No	0.976318	(10595/10852)
A	VAL	222	Yes	No	0.978068	(9053/9256)
A	PHE	223	Yes	No	0.970845	(20679/21300)
A	PHE	224	Yes	No	0.965939	(22120/22900)
A	LEU	225	Yes	No	0.983635	(10879/11060)
A	LEU	226	Yes	No	0.844796	(10908/12912)
A	LEU	227	Yes	No	0.984313	(17005/17276)
A	SER	228	Yes	No	0.985448	(10158/10308)
A	ILE	229	Yes	No	0.986785	(10902/11048)
A	MET	230	Yes	No	0.976153	(14900/15264)
A	MET	231	Yes	No	0.937828	(15718/16760)
A	ALA	232	Yes	No	0.989483	(7809/7892)
A	CYS	233	Yes	No	0.98525	(9285/9424)
A	CYS	234	Yes	No	0.986089	(12192/12364)
A	LEU	235	Yes	No	0.988002	(12682/12836)
A	VAL	236	Yes	No	0.979558	(8961/9148)
A	ALA	237	Yes	No	0.967069	(8340/8624)
A	PHE	238	Yes	No	0.941348	(19324/20528)
A	PHE	239	Yes	No	0.955931	(11605/12140)
A	VAL	240	Yes	No	0.95049	(8543/8988)
A	LEU	241	Yes	No	0.923865	(13433/14540)
A	GLN	242	Yes	No	0.89062	(11147/12516)
A	ARG	243	Yes	No	0.872202	(7794/8936)
A	GLN	244	Yes	No	0.811983	(8646/10648)
A	PRO	245	Yes	No	0.61375	(3928/6400)
A	ARG	246	Yes	No	0.555096	(4292/7732)
A	CYS	247	Yes	No	0.406312	(3270/8048)
A	TRP	248	Yes	No	0.469268	(7818/16660)
A	GLU	249	Yes	No	0.774747	(5510/7112)
A	ALA	250	Yes	No	0.553982	(2894/5224)
A	SER	251	Yes	No	0.486392	(3467/7128)
A	VAL	252	Yes	No	0.737564	(4626/6272)
A	GLU	253	Yes	No	0.785918	(4967/6320)
A	ASP	254	Yes	No	0.542356	(3931/7248)
A	LEU	255	Yes	No	0.559072	(4240/7584)
A	LEU	256	Yes	No	0.827198	(4854/5868)
A	ASN	257	Yes	No	0.796339	(4176/5244)
A	ASP	258	Yes	No	0.621177	(3737/6016)
A	GLN	259	Yes	No	0.683424	(4527/6624)
A	VAL	260	Yes	No	0.909597	(3431/3772)
A	THR	261	Yes	No	0.848806	(3127/3684)
A	LEU	262	Yes	No	0.737764	(3075/4168)
A	HIS	263	Yes	No	0.757303	(4044/5340)
A	SER	264	Yes	No	0.814842	(2262/2776)
A	ILE	265	Yes	No	0.719989	(2543/3532)
A	ARG	266	Yes	No	0.497934	(2410/4840)
A	ARG	268	Yes	No	0.443417	(1630/3676)
A	GLU	269	Yes	No	0.454705	(1295/2848)
A	GLU	270	Yes	No	0.453069	(1004/2216)
A	ASN	271	Yes	No	0.546578	(1150/2104)
A	ASP	272	Yes	No	0.435789	(828/1900)
A	LEU	273	Yes	No	0.544053	(988/1816)
A	GLY	274	Yes	No	0.537844	(469/872)
A	PRO	275	Yes	No	0.631229	(760/1204)
A	ALA	276	Yes	No	0.721739	(664/920)
A	GLY	277	Yes	No	0.729885	(508/696)
A	VAL	279	Yes	No	0.816364	(898/1100)
A	ASP	280	Yes	No	0.753906	(965/1280)
A	SER	281	Yes	No	0.754579	(824/1092)
A	SER	282	Yes	No	0.77439	(889/1148)
A	GLN	283	Yes	No	0.683775	(1239/1812)
A	GLY	284	Yes	No	0.799228	(828/1036)
A	GLN	285	Yes	No	0.663777	(1455/2192)
A	GLY	286	Yes	No	0.781463	(919/1176)
A	TYR	287	Yes	No	0.670147	(2182/3256)
A	LEU	288	Yes	No	0.649627	(1741/2680)
A	GLU	289	Yes	No	0.621723	(1992/3204)
A	GLU	290	Yes	No	0.415014	(1841/4436)
A	LYS	291	Yes	No	0.690013	(2059/2984)
A	ALA	292	Yes	No	0.665709	(1390/2088)
A	ALA	293	Yes	No	0.662598	(1357/2048)
A	PRO	294	Yes	No	0.855061	(2230/2608)
A	CYS	295	Yes	No	0.867239	(2123/2448)
A	CYS	296	Yes	No	0.893782	(2070/2316)
A	PRO	297	Yes	No	0.971852	(2624/2700)
A	ALA	298	Yes	No	0.97123	(1958/2016)
A	HIS	299	Yes	No	0.884856	(3681/4160)
A	LEU	300	Yes	No	0.966506	(3607/3732)
A	ALA	301	Yes	No	0.98913	(2366/2392)
A	PHE	302	Yes	No	0.983004	(4974/5060)
A	TYR	304	Yes	No	0.917914	(6866/7480)
A	THR	305	Yes	No	0.985677	(3785/3840)
A	LEU	306	Yes	No	0.989314	(4444/4492)
A	VAL	307	Yes	No	0.952935	(5325/5588)
A	ALA	308	Yes	No	0.954131	(3557/3728)
A	PHE	309	Yes	No	0.975692	(6061/6212)
A	VAL	310	Yes	No	0.95696	(5225/5460)
A	ASN	311	Yes	No	0.964833	(8807/9128)
A	ALA	312	Yes	No	0.967467	(4431/4580)
A	LEU	313	Yes	No	0.946711	(6218/6568)
A	THR	314	Yes	No	0.827344	(7552/9128)
A	ASN	315	Yes	No	0.910775	(11800/12956)
A	GLY	316	Yes	No	0.879474	(4619/5252)
A	MET	317	Yes	No	0.859665	(6475/7532)
A	LEU	318	Yes	No	0.895921	(8522/9512)
A	PRO	319	Yes	No	0.812479	(9467/11652)
A	SER	320	Yes	No	0.725199	(6199/8548)
A	VAL	321	Yes	No	0.805078	(6183/7680)
A	GLN	322	Yes	No	0.797912	(10775/13504)
A	THR	323	Yes	No	0.691711	(7844/11340)
A	TYR	324	Yes	No	0.734719	(10001/13612)
A	SER	325	Yes	No	0.811767	(4705/5796)
A	CYS	326	Yes	No	0.821587	(5922/7208)
A	LEU	327	Yes	No	0.673343	(6825/10136)
A	SER	328	Yes	No	0.758283	(4028/5312)
A	TYR	329	Yes	No	0.895951	(7612/8496)
A	GLY	330	Yes	No	0.803811	(3839/4776)
A	PRO	331	Yes	No	0.751684	(7586/10092)
A	VAL	332	Yes	No	0.769928	(6452/8380)
A	ALA	333	Yes	No	0.851454	(4918/5776)
A	TYR	334	Yes	No	0.745011	(15681/21048)
A	HIS	335	Yes	No	0.716	(12530/17500)
A	LEU	336	Yes	No	0.84415	(7648/9060)
A	ALA	337	Yes	No	0.842812	(5839/6928)
A	ALA	338	Yes	No	0.805098	(7043/8748)
A	THR	339	Yes	No	0.761249	(7850/10312)
A	LEU	340	Yes	No	0.86368	(7248/8392)
A	SER	341	Yes	No	0.824954	(7187/8712)
A	ILE	342	Yes	No	0.779272	(10489/13460)
A	VAL	343	Yes	No	0.788919	(6507/8248)
A	ALA	344	Yes	No	0.832065	(4593/5520)
A	ASN	345	Yes	No	0.763864	(8540/11180)
A	PRO	346	Yes	No	0.823285	(7729/9388)
A	LEU	347	Yes	No	0.854453	(6217/7276)
A	ALA	348	Yes	No	0.866387	(4124/4760)
A	SER	349	Yes	No	0.816767	(5982/7324)
A	LEU	350	Yes	No	0.831973	(7338/8820)
A	VAL	351	Yes	No	0.878669	(4910/5588)
A	SER	352	Yes	No	0.798944	(4538/5680)
A	MET	353	Yes	No	0.742959	(6437/8664)
A	PHE	354	Yes	No	0.810798	(6668/8224)
A	LEU	355	Yes	No	0.858252	(4202/4896)
A	PRO	356	Yes	No	0.820351	(4023/4904)
A	ASN	357	Yes	No	0.849784	(3151/3708)
A	ARG	358	Yes	No	0.776221	(3434/4424)
A	CYS	359	Yes	No	0.820997	(2174/2648)
A	ALA	360	Yes	No	0.856407	(1497/1748)
A	LEU	361	Yes	No	0.767442	(1848/2408)
A	ILE	362	Yes	No	0.694303	(1633/2352)
A	TRP	363	Yes	No	0.651799	(1739/2668)
A	SER	364	Yes	No	0.724112	(979/1352)

