"V1.x","V2.x","V3.x","V6.x","V7.x","gene_id","transcript_id","transcript_start","transcript_end"
"chr20",5280261,5280262,"G","T","ENSG00000101292.8_9","ENST00000217270.4_5",5279906,5297060
"chr20",5281326,5281327,"G","A","ENSG00000101292.8_9","ENST00000217270.4_5",5279906,5297060
"chr20",5281252,5281253,"G","A","ENSG00000101292.8_9","ENST00000217270.4_5",5279906,5297060
"chr20",5280332,5280333,"T","C","ENSG00000101292.8_9","ENST00000217270.4_5",5279906,5297060
"chr20",5281412,5281413,"C","T","ENSG00000101292.8_9","ENST00000217270.4_5",5279906,5297060
"chr20",5280743,5280744,"T","A","ENSG00000101292.8_9","ENST00000217270.4_5",5279906,5297060
"chr20",5280633,5280634,"T","C","ENSG00000101292.8_9","ENST00000217270.4_5",5279906,5297060
"chr20",5281461,5281462,"A","G","ENSG00000101292.8_9","ENST00000217270.4_5",5279906,5297060
"chr20",5280906,5280907,"G","A","ENSG00000101292.8_9","ENST00000217270.4_5",5279906,5297060
"chr20",5282558,5282559,"A","G","ENSG00000101292.8_9","ENST00000217270.4_5",5279906,5297060
"chr20",5281763,5281764,"A","G","ENSG00000101292.8_9","ENST00000217270.4_5",5279906,5297060
"chr20",5282951,5282952,"C","T","ENSG00000101292.8_9","ENST00000217270.4_5",5279906,5297060
"chr20",5282618,5282619,"A","T","ENSG00000101292.8_9","ENST00000217270.4_5",5279906,5297060
"chr20",5281806,5281807,"G","A","ENSG00000101292.8_9","ENST00000217270.4_5",5279906,5297060
"chr20",5283255,5283256,"C","G","ENSG00000101292.8_9","ENST00000217270.4_5",5279906,5297060
"chr20",5282335,5282336,"T","G","ENSG00000101292.8_9","ENST00000217270.4_5",5279906,5297060
"chr20",5282115,5282116,"T","A","ENSG00000101292.8_9","ENST00000217270.4_5",5279906,5297060
"chr20",5283375,5283376,"G","A","ENSG00000101292.8_9","ENST00000217270.4_5",5279906,5297060
"chr20",60887580,60887581,"G","A","ENSG00000130702.15_9","ENST00000252999.7_5",60884120,60942368
"chr20",60892525,60892526,"A","G","ENSG00000130702.15_9","ENST00000252999.7_5",60884120,60942368
"chr20",60895696,60895697,"C","T","ENSG00000130702.15_9","ENST00000252999.7_5",60884120,60942368
"chr20",60897103,60897104,"C","T","ENSG00000130702.15_9","ENST00000252999.7_5",60884120,60942368
"chr20",60897486,60897487,"C","T","ENSG00000130702.15_9","ENST00000252999.7_5",60884120,60942368
"chr20",60897720,60897721,"C","T","ENSG00000130702.15_9","ENST00000252999.7_5",60884120,60942368
"chr20",60897771,60897772,"T","C","ENSG00000130702.15_9","ENST00000252999.7_5",60884120,60942368
"chr20",60898653,60898654,"G","A","ENSG00000130702.15_9","ENST00000252999.7_5",60884120,60942368
"chr20",60899181,60899182,"C","T","ENSG00000130702.15_9","ENST00000252999.7_5",60884120,60942368
"chr20",60899205,60899206,"C","T","ENSG00000130702.15_9","ENST00000252999.7_5",60884120,60942368
"chr20",60900480,60900481,"A","G","ENSG00000130702.15_9","ENST00000252999.7_5",60884120,60942368
"chr20",60900578,60900579,"C","A","ENSG00000130702.15_9","ENST00000252999.7_5",60884120,60942368
"chr20",60901761,60901762,"C","T","ENSG00000130702.15_9","ENST00000252999.7_5",60884120,60942368
"chr20",60902401,60902402,"G","A","ENSG00000130702.15_9","ENST00000252999.7_5",60884120,60942368
"chr20",60903418,60903419,"C","T","ENSG00000130702.15_9","ENST00000252999.7_5",60884120,60942368
"chr20",60904852,60904853,"T","C","ENSG00000130702.15_9","ENST00000252999.7_5",60884120,60942368
"chr20",60905877,60905878,"A","G","ENSG00000130702.15_9","ENST00000252999.7_5",60884120,60942368
"chr20",60907445,60907446,"T","C","ENSG00000130702.15_9","ENST00000252999.7_5",60884120,60942368
"chr20",60907674,60907675,"G","A","ENSG00000130702.15_9","ENST00000252999.7_5",60884120,60942368
"chr20",60908963,60908964,"G","A","ENSG00000130702.15_9","ENST00000252999.7_5",60884120,60942368
"chr20",60908968,60908969,"T","C","ENSG00000130702.15_9","ENST00000252999.7_5",60884120,60942368
"chr20",60909059,60909060,"A","G","ENSG00000130702.15_9","ENST00000252999.7_5",60884120,60942368
"chr20",60912682,60912683,"T","C","ENSG00000130702.15_9","ENST00000252999.7_5",60884120,60942368
"chr20",60913126,60913127,"A","G","ENSG00000130702.15_9","ENST00000252999.7_5",60884120,60942368
"chr20",60920886,60920887,"G","A","ENSG00000130702.15_9","ENST00000252999.7_5",60884120,60942368
"chr20",60921642,60921643,"T","C","ENSG00000130702.15_9","ENST00000252999.7_5",60884120,60942368
"chr20",60926827,60926828,"G","A","ENSG00000130702.15_9","ENST00000252999.7_5",60884120,60942368
"chr20",60927348,60927349,"C","T","ENSG00000130702.15_9","ENST00000252999.7_5",60884120,60942368
"chr20",60927411,60927412,"G","A","ENSG00000130702.15_9","ENST00000252999.7_5",60884120,60942368
"chr20",60937596,60937597,"A","G","ENSG00000130702.15_9","ENST00000252999.7_5",60884120,60942368
"chr20",36839296,36839297,"T","C","ENSG00000149633.12_15","ENST00000279024.9_10",36838904,36889137
"chr20",36840155,36840156,"T","C","ENSG00000149633.12_15","ENST00000279024.9_10",36838904,36889137
"chr20",36840457,36840458,"G","C","ENSG00000149633.12_15","ENST00000279024.9_10",36838904,36889137
"chr20",36840876,36840877,"G","T","ENSG00000149633.12_15","ENST00000279024.9_10",36838904,36889137
"chr20",36841250,36841251,"A","G","ENSG00000149633.12_15","ENST00000279024.9_10",36838904,36889137
"chr20",36841292,36841293,"G","A","ENSG00000149633.12_15","ENST00000279024.9_10",36838904,36889137
"chr20",36841539,36841540,"G","A","ENSG00000149633.12_15","ENST00000279024.9_10",36838904,36889137
"chr20",36841755,36841756,"T","C","ENSG00000149633.12_15","ENST00000279024.9_10",36838904,36889137
"chr20",36841913,36841914,"G","A","ENSG00000149633.12_15","ENST00000279024.9_10",36838904,36889137
"chr20",36845737,36845738,"C","T","ENSG00000149633.12_15","ENST00000279024.9_10",36838904,36889137
"chr20",36859710,36859711,"G","A","ENSG00000149633.12_15","ENST00000279024.9_10",36838904,36889137
"chr20",36869515,36869516,"C","A","ENSG00000149633.12_15","ENST00000279024.9_10",36838904,36889137
"chr20",36870121,36870122,"T","G","ENSG00000149633.12_15","ENST00000279024.9_10",36838904,36889137
"chr20",36889020,36889021,"T","G","ENSG00000149633.12_15","ENST00000279024.9_10",36838904,36889137
"chr20",40701455,40701456,"G","A","ENSG00000196090.13_14","ENST00000356100.6_8",40701391,41818373
"chr20",40702070,40702071,"G","A","ENSG00000196090.13_14","ENST00000356100.6_8",40701391,41818373
"chr20",40702811,40702812,"G","A","ENSG00000196090.13_14","ENST00000356100.6_8",40701391,41818373
"chr20",40703126,40703127,"C","T","ENSG00000196090.13_14","ENST00000356100.6_8",40701391,41818373
"chr20",40704121,40704122,"T","C","ENSG00000196090.13_14","ENST00000356100.6_8",40701391,41818373
"chr20",40706170,40706171,"C","T","ENSG00000196090.13_14","ENST00000356100.6_8",40701391,41818373
"chr20",40706236,40706237,"T","C","ENSG00000196090.13_14","ENST00000356100.6_8",40701391,41818373
"chr20",40706355,40706356,"T","C","ENSG00000196090.13_14","ENST00000356100.6_8",40701391,41818373
"chr20",40706493,40706494,"C","T","ENSG00000196090.13_14","ENST00000356100.6_8",40701391,41818373
"chr20",40706824,40706825,"G","A","ENSG00000196090.13_14","ENST00000356100.6_8",40701391,41818373
"chr20",40707230,40707231,"A","G","ENSG00000196090.13_14","ENST00000356100.6_8",40701391,41818373
"chr20",40707708,40707709,"G","A","ENSG00000196090.13_14","ENST00000356100.6_8",40701391,41818373
"chr20",40707936,40707937,"T","C","ENSG00000196090.13_14","ENST00000356100.6_8",40701391,41818373
"chr20",41818288,41818289,"C","G","ENSG00000196090.13_14","ENST00000356100.6_8",40701391,41818373
"chr20",2539386,2539387,"G","A","ENSG00000149488.14_7","ENST00000358864.2_3",2517218,2624226
"chr20",2559794,2559795,"T","C","ENSG00000149488.14_7","ENST00000358864.2_3",2517218,2624226
"chr20",2618139,2618140,"T","C","ENSG00000149488.14_7","ENST00000358864.2_3",2517218,2624226
"chr20",2621997,2621998,"T","C","ENSG00000149488.14_7","ENST00000358864.2_3",2517218,2624226
"chr20",2622389,2622390,"G","A","ENSG00000149488.14_7","ENST00000358864.2_3",2517218,2624226
"chr20",2622554,2622555,"T","C","ENSG00000149488.14_7","ENST00000358864.2_3",2517218,2624226
"chr20",2622686,2622687,"C","T","ENSG00000149488.14_7","ENST00000358864.2_3",2517218,2624226
"chr20",2622859,2622860,"G","A","ENSG00000149488.14_7","ENST00000358864.2_3",2517218,2624226
"chr20",2622941,2622942,"G","A","ENSG00000149488.14_7","ENST00000358864.2_3",2517218,2624226
"chr20",2623032,2623033,"G","A","ENSG00000149488.14_7","ENST00000358864.2_3",2517218,2624226
"chr20",2623190,2623191,"C","T","ENSG00000149488.14_7","ENST00000358864.2_3",2517218,2624226
"chr20",2623664,2623665,"C","T","ENSG00000149488.14_7","ENST00000358864.2_3",2517218,2624226
"chr20",2623871,2623872,"C","G","ENSG00000149488.14_7","ENST00000358864.2_3",2517218,2624226
"chr20",2624032,2624033,"G","A","ENSG00000149488.14_7","ENST00000358864.2_3",2517218,2624226
"chr20",2624088,2624089,"C","T","ENSG00000149488.14_7","ENST00000358864.2_3",2517218,2624226
"chr20",2624102,2624103,"C","A","ENSG00000149488.14_7","ENST00000358864.2_3",2517218,2624226
"chr20",2624149,2624150,"A","G","ENSG00000149488.14_7","ENST00000358864.2_3",2517218,2624226
"chr20",60768496,60768497,"C","T","ENSG00000101181.18_9","ENST00000370823.8_3",60758083,60778624
"chr20",60776274,60776275,"A","G","ENSG00000101181.18_9","ENST00000370823.8_3",60758083,60778624
"chr20",60776301,60776302,"G","A","ENSG00000101181.18_9","ENST00000370823.8_3",60758083,60778624
"chr20",60776309,60776310,"T","C","ENSG00000101181.18_9","ENST00000370823.8_3",60758083,60778624
"chr20",60776351,60776352,"A","G","ENSG00000101181.18_9","ENST00000370823.8_3",60758083,60778624
"chr20",60776443,60776444,"A","G","ENSG00000101181.18_9","ENST00000370823.8_3",60758083,60778624
"chr20",60777069,60777070,"A","G","ENSG00000101181.18_9","ENST00000370823.8_3",60758083,60778624
"chr20",60777154,60777155,"G","C","ENSG00000101181.18_9","ENST00000370823.8_3",60758083,60778624
"chr20",60777170,60777171,"C","T","ENSG00000101181.18_9","ENST00000370823.8_3",60758083,60778624
"chr20",60777220,60777221,"C","T","ENSG00000101181.18_9","ENST00000370823.8_3",60758083,60778624
"chr20",60777231,60777232,"C","T","ENSG00000101181.18_9","ENST00000370823.8_3",60758083,60778624
"chr20",60777928,60777929,"C","T","ENSG00000101181.18_9","ENST00000370823.8_3",60758083,60778624
"chr20",60778207,60778208,"G","T","ENSG00000101181.18_9","ENST00000370823.8_3",60758083,60778624
"chr20",60778224,60778225,"G","T","ENSG00000101181.18_9","ENST00000370823.8_3",60758083,60778624
"chr20",60778300,60778301,"G","A","ENSG00000101181.18_9","ENST00000370823.8_3",60758083,60778624
"chr20",42735960,42735961,"C","G","ENSG00000149596.7_7","ENST00000372980.4_6",42735229,42815828
"chr20",42736728,42736729,"A","C","ENSG00000149596.7_7","ENST00000372980.4_6",42735229,42815828
"chr20",42737390,42737391,"G","C","ENSG00000149596.7_7","ENST00000372980.4_6",42735229,42815828
"chr20",42738559,42738560,"A","G","ENSG00000149596.7_7","ENST00000372980.4_6",42735229,42815828
"chr20",42738589,42738590,"T","G","ENSG00000149596.7_7","ENST00000372980.4_6",42735229,42815828
"chr20",42738821,42738822,"C","A","ENSG00000149596.7_7","ENST00000372980.4_6",42735229,42815828
"chr20",42739211,42739212,"G","A","ENSG00000149596.7_7","ENST00000372980.4_6",42735229,42815828
"chr20",42739641,42739642,"G","T","ENSG00000149596.7_7","ENST00000372980.4_6",42735229,42815828
"chr20",42740036,42740037,"C","T","ENSG00000149596.7_7","ENST00000372980.4_6",42735229,42815828
"chr20",42740229,42740230,"A","G","ENSG00000149596.7_7","ENST00000372980.4_6",42735229,42815828
"chr20",42740524,42740525,"A","T","ENSG00000149596.7_7","ENST00000372980.4_6",42735229,42815828
"chr20",42740550,42740551,"T","C","ENSG00000149596.7_7","ENST00000372980.4_6",42735229,42815828
"chr20",42741113,42741114,"A","C","ENSG00000149596.7_7","ENST00000372980.4_6",42735229,42815828
"chr20",42741238,42741239,"C","T","ENSG00000149596.7_7","ENST00000372980.4_6",42735229,42815828
"chr20",42741259,42741260,"G","A","ENSG00000149596.7_7","ENST00000372980.4_6",42735229,42815828
"chr20",42741298,42741299,"G","A","ENSG00000149596.7_7","ENST00000372980.4_6",42735229,42815828
"chr20",42741688,42741689,"G","A","ENSG00000149596.7_7","ENST00000372980.4_6",42735229,42815828
"chr20",42741692,42741693,"C","T","ENSG00000149596.7_7","ENST00000372980.4_6",42735229,42815828
"chr20",42741899,42741900,"C","T","ENSG00000149596.7_7","ENST00000372980.4_6",42735229,42815828
"chr20",42743453,42743454,"A","G","ENSG00000149596.7_7","ENST00000372980.4_6",42735229,42815828
"chr20",42744586,42744587,"G","C","ENSG00000149596.7_7","ENST00000372980.4_6",42735229,42815828
"chr20",42815189,42815190,"G","A","ENSG00000149596.7_7","ENST00000372980.4_6",42735229,42815828
"chr20",42815737,42815738,"G","T","ENSG00000149596.7_7","ENST00000372980.4_6",42735229,42815828
"chr20",42815745,42815746,"C","T","ENSG00000149596.7_7","ENST00000372980.4_6",42735229,42815828
"chr20",42815794,42815795,"C","G","ENSG00000149596.7_7","ENST00000372980.4_6",42735229,42815828
"chr20",62190344,62190345,"G","A","ENSG00000130589.16_9","ENST00000427522.6_4",62189438,62199427
"chr20",62199125,62199126,"C","G","ENSG00000130589.16_9","ENST00000427522.6_4",62189438,62199427
"chr20",62190401,62190402,"T","C","ENSG00000130589.16_9","ENST00000427522.6_4",62189438,62199427
"chr20",62194712,62194713,"A","C","ENSG00000130589.16_9","ENST00000427522.6_4",62189438,62199427
"chr20",62190411,62190412,"G","A","ENSG00000130589.16_9","ENST00000427522.6_4",62189438,62199427
"chr20",62195086,62195087,"A","G","ENSG00000130589.16_9","ENST00000427522.6_4",62189438,62199427
"chr20",62191320,62191321,"A","G","ENSG00000130589.16_9","ENST00000427522.6_4",62189438,62199427
"chr20",62195219,62195220,"C","T","ENSG00000130589.16_9","ENST00000427522.6_4",62189438,62199427
"chr20",62191557,62191558,"G","A","ENSG00000130589.16_9","ENST00000427522.6_4",62189438,62199427
"chr20",62195671,62195672,"C","T","ENSG00000130589.16_9","ENST00000427522.6_4",62189438,62199427
"chr20",62193018,62193019,"C","T","ENSG00000130589.16_9","ENST00000427522.6_4",62189438,62199427
"chr20",62196032,62196033,"C","T","ENSG00000130589.16_9","ENST00000427522.6_4",62189438,62199427
"chr20",62193444,62193445,"G","A","ENSG00000130589.16_9","ENST00000427522.6_4",62189438,62199427
"chr20",62196181,62196182,"G","C","ENSG00000130589.16_9","ENST00000427522.6_4",62189438,62199427
"chr20",62194029,62194030,"G","C","ENSG00000130589.16_9","ENST00000427522.6_4",62189438,62199427
"chr20",62196252,62196253,"C","A","ENSG00000130589.16_9","ENST00000427522.6_4",62189438,62199427
"chr20",62198347,62198348,"C","T","ENSG00000130589.16_9","ENST00000427522.6_4",62189438,62199427
"chr20",62196806,62196807,"T","C","ENSG00000130589.16_9","ENST00000427522.6_4",62189438,62199427
"chr20",62198235,62198236,"G","A","ENSG00000130589.16_9","ENST00000427522.6_4",62189438,62199427
"chr20",62196883,62196884,"A","G","ENSG00000130589.16_9","ENST00000427522.6_4",62189438,62199427
"chr20",62198661,62198662,"A","G","ENSG00000130589.16_9","ENST00000427522.6_4",62189438,62199427
"chr20",62199099,62199100,"G","A","ENSG00000130589.16_9","ENST00000427522.6_4",62189438,62199427
"chr20",62190401,62190402,"T","C","ENSG00000130589.16_9","ENST00000467148.2_7",62189438,62205592
"chr20",62195219,62195220,"C","T","ENSG00000130589.16_9","ENST00000467148.2_7",62189438,62205592
"chr20",62191320,62191321,"A","G","ENSG00000130589.16_9","ENST00000467148.2_7",62189438,62205592
"chr20",62196032,62196033,"C","T","ENSG00000130589.16_9","ENST00000467148.2_7",62189438,62205592
"chr20",62190411,62190412,"G","A","ENSG00000130589.16_9","ENST00000467148.2_7",62189438,62205592
"chr20",62195671,62195672,"C","T","ENSG00000130589.16_9","ENST00000467148.2_7",62189438,62205592
"chr20",62194029,62194030,"G","C","ENSG00000130589.16_9","ENST00000467148.2_7",62189438,62205592
"chr20",62196252,62196253,"C","A","ENSG00000130589.16_9","ENST00000467148.2_7",62189438,62205592
"chr20",62194712,62194713,"A","C","ENSG00000130589.16_9","ENST00000467148.2_7",62189438,62205592
"chr20",62196806,62196807,"T","C","ENSG00000130589.16_9","ENST00000467148.2_7",62189438,62205592
"chr20",62195086,62195087,"A","G","ENSG00000130589.16_9","ENST00000467148.2_7",62189438,62205592
"chr20",62196883,62196884,"A","G","ENSG00000130589.16_9","ENST00000467148.2_7",62189438,62205592
"chr20",62198235,62198236,"G","A","ENSG00000130589.16_9","ENST00000467148.2_7",62189438,62205592
"chr20",62191557,62191558,"G","A","ENSG00000130589.16_9","ENST00000467148.2_7",62189438,62205592
"chr20",62198347,62198348,"C","T","ENSG00000130589.16_9","ENST00000467148.2_7",62189438,62205592
"chr20",62193018,62193019,"C","T","ENSG00000130589.16_9","ENST00000467148.2_7",62189438,62205592
"chr20",62198661,62198662,"A","G","ENSG00000130589.16_9","ENST00000467148.2_7",62189438,62205592
"chr20",62193444,62193445,"G","A","ENSG00000130589.16_9","ENST00000467148.2_7",62189438,62205592
"chr20",62196181,62196182,"G","C","ENSG00000130589.16_9","ENST00000467148.2_7",62189438,62205592
"chr20",62190344,62190345,"G","A","ENSG00000130589.16_9","ENST00000467148.2_7",62189438,62205592
"chr20",62200574,62200575,"T","C","ENSG00000130589.16_9","ENST00000467148.2_7",62189438,62205592
"chr20",62200575,62200576,"G","A","ENSG00000130589.16_9","ENST00000467148.2_7",62189438,62205592
"chr20",62200859,62200860,"A","G","ENSG00000130589.16_9","ENST00000467148.2_7",62189438,62205592
"chr20",62203747,62203748,"G","A","ENSG00000130589.16_9","ENST00000467148.2_7",62189438,62205592
"chr20",62203949,62203950,"C","T","ENSG00000130589.16_9","ENST00000467148.2_7",62189438,62205592
"chr20",62203959,62203960,"A","G","ENSG00000130589.16_9","ENST00000467148.2_7",62189438,62205592
"chr20",742830,742831,"G","T","ENSG00000101276.18_16","ENST00000675066.1_2",742719,749068
"chr20",743017,743018,"G","T","ENSG00000101276.18_16","ENST00000675066.1_2",742719,749068
"chr20",743123,743124,"C","G","ENSG00000101276.18_16","ENST00000675066.1_2",742719,749068
"chr20",743129,743130,"C","T","ENSG00000101276.18_16","ENST00000675066.1_2",742719,749068
"chr20",743219,743220,"T","C","ENSG00000101276.18_16","ENST00000675066.1_2",742719,749068
"chr20",743271,743272,"C","T","ENSG00000101276.18_16","ENST00000675066.1_2",742719,749068
"chr20",743769,743770,"C","T","ENSG00000101276.18_16","ENST00000675066.1_2",742719,749068
"chr20",743826,743827,"G","A","ENSG00000101276.18_16","ENST00000675066.1_2",742719,749068
"chr20",744031,744032,"A","T","ENSG00000101276.18_16","ENST00000675066.1_2",742719,749068
"chr20",744307,744308,"T","C","ENSG00000101276.18_16","ENST00000675066.1_2",742719,749068
"chr20",744381,744382,"G","A","ENSG00000101276.18_16","ENST00000675066.1_2",742719,749068
"chr20",744414,744415,"G","A","ENSG00000101276.18_16","ENST00000675066.1_2",742719,749068
"chr20",744614,744615,"G","A","ENSG00000101276.18_16","ENST00000675066.1_2",742719,749068
"chr20",746097,746098,"G","A","ENSG00000101276.18_16","ENST00000675066.1_2",742719,749068
"chr20",748973,748974,"T","C","ENSG00000101276.18_16","ENST00000675066.1_2",742719,749068
"chr20",5281806,5281807,"G","A","ENSG00000101292.8_9","ENST00000678059.1_2",5279936,5297378
"chr20",5281763,5281764,"A","G","ENSG00000101292.8_9","ENST00000678059.1_2",5279936,5297378
"chr20",5282335,5282336,"T","G","ENSG00000101292.8_9","ENST00000678059.1_2",5279936,5297378
"chr20",5282115,5282116,"T","A","ENSG00000101292.8_9","ENST00000678059.1_2",5279936,5297378
"chr20",5280906,5280907,"G","A","ENSG00000101292.8_9","ENST00000678059.1_2",5279936,5297378
"chr20",5282558,5282559,"A","G","ENSG00000101292.8_9","ENST00000678059.1_2",5279936,5297378
"chr20",5280261,5280262,"G","T","ENSG00000101292.8_9","ENST00000678059.1_2",5279936,5297378
"chr20",5281252,5281253,"G","A","ENSG00000101292.8_9","ENST00000678059.1_2",5279936,5297378
"chr20",5282618,5282619,"A","T","ENSG00000101292.8_9","ENST00000678059.1_2",5279936,5297378
"chr20",5280332,5280333,"T","C","ENSG00000101292.8_9","ENST00000678059.1_2",5279936,5297378
"chr20",5281326,5281327,"G","A","ENSG00000101292.8_9","ENST00000678059.1_2",5279936,5297378
"chr20",5282951,5282952,"C","T","ENSG00000101292.8_9","ENST00000678059.1_2",5279936,5297378
"chr20",5280633,5280634,"T","C","ENSG00000101292.8_9","ENST00000678059.1_2",5279936,5297378
"chr20",5281412,5281413,"C","T","ENSG00000101292.8_9","ENST00000678059.1_2",5279936,5297378
"chr20",5283255,5283256,"C","G","ENSG00000101292.8_9","ENST00000678059.1_2",5279936,5297378
"chr20",5280743,5280744,"T","A","ENSG00000101292.8_9","ENST00000678059.1_2",5279936,5297378
"chr20",5281461,5281462,"A","G","ENSG00000101292.8_9","ENST00000678059.1_2",5279936,5297378
"chr20",5283375,5283376,"G","A","ENSG00000101292.8_9","ENST00000678059.1_2",5279936,5297378
"chr20",5280261,5280262,"G","T","ENSG00000101292.8_9","ENST00000678254.1_4",5279863,5297600
"chr20",5281763,5281764,"A","G","ENSG00000101292.8_9","ENST00000678254.1_4",5279863,5297600
"chr20",5282618,5282619,"A","T","ENSG00000101292.8_9","ENST00000678254.1_4",5279863,5297600
"chr20",5280332,5280333,"T","C","ENSG00000101292.8_9","ENST00000678254.1_4",5279863,5297600
"chr20",5281806,5281807,"G","A","ENSG00000101292.8_9","ENST00000678254.1_4",5279863,5297600
"chr20",5282951,5282952,"C","T","ENSG00000101292.8_9","ENST00000678254.1_4",5279863,5297600
"chr20",5280633,5280634,"T","C","ENSG00000101292.8_9","ENST00000678254.1_4",5279863,5297600
"chr20",5282115,5282116,"T","A","ENSG00000101292.8_9","ENST00000678254.1_4",5279863,5297600
"chr20",5283255,5283256,"C","G","ENSG00000101292.8_9","ENST00000678254.1_4",5279863,5297600
"chr20",5280743,5280744,"T","A","ENSG00000101292.8_9","ENST00000678254.1_4",5279863,5297600
"chr20",5282335,5282336,"T","G","ENSG00000101292.8_9","ENST00000678254.1_4",5279863,5297600
"chr20",5283375,5283376,"G","A","ENSG00000101292.8_9","ENST00000678254.1_4",5279863,5297600
"chr20",5280906,5280907,"G","A","ENSG00000101292.8_9","ENST00000678254.1_4",5279863,5297600
"chr20",5282558,5282559,"A","G","ENSG00000101292.8_9","ENST00000678254.1_4",5279863,5297600
"chr20",5281326,5281327,"G","A","ENSG00000101292.8_9","ENST00000678254.1_4",5279863,5297600
"chr20",5281252,5281253,"G","A","ENSG00000101292.8_9","ENST00000678254.1_4",5279863,5297600
"chr20",5281461,5281462,"A","G","ENSG00000101292.8_9","ENST00000678254.1_4",5279863,5297600
"chr20",5281412,5281413,"C","T","ENSG00000101292.8_9","ENST00000678254.1_4",5279863,5297600
"chr20",57567542,57567543,"A","G","ENSG00000101160.15_9","ENST00000681457.1_1",57567173,57579893
"chr20",57567729,57567730,"A","C","ENSG00000101160.15_9","ENST00000681457.1_1",57567173,57579893
"chr20",57569815,57569816,"G","T","ENSG00000101160.15_9","ENST00000681457.1_1",57567173,57579893
"chr20",57570237,57570238,"A","G","ENSG00000101160.15_9","ENST00000681457.1_1",57567173,57579893
"chr20",57570455,57570456,"C","T","ENSG00000101160.15_9","ENST00000681457.1_1",57567173,57579893
"chr20",57570567,57570568,"G","A","ENSG00000101160.15_9","ENST00000681457.1_1",57567173,57579893
"chr20",57571762,57571763,"A","G","ENSG00000101160.15_9","ENST00000681457.1_1",57567173,57579893
"chr20",57572674,57572675,"A","G","ENSG00000101160.15_9","ENST00000681457.1_1",57567173,57579893
"chr20",57577115,57577116,"A","G","ENSG00000101160.15_9","ENST00000681457.1_1",57567173,57579893
"chr20",57577229,57577230,"C","T","ENSG00000101160.15_9","ENST00000681457.1_1",57567173,57579893
"chr20",57577504,57577505,"G","C","ENSG00000101160.15_9","ENST00000681457.1_1",57567173,57579893
"chr20",57577566,57577567,"A","G","ENSG00000101160.15_9","ENST00000681457.1_1",57567173,57579893
"chr20",57577859,57577860,"C","T","ENSG00000101160.15_9","ENST00000681457.1_1",57567173,57579893
"chr20",57577934,57577935,"A","G","ENSG00000101160.15_9","ENST00000681457.1_1",57567173,57579893
"chr20",57578246,57578247,"C","T","ENSG00000101160.15_9","ENST00000681457.1_1",57567173,57579893
"chr20",57578507,57578508,"T","C","ENSG00000101160.15_9","ENST00000681457.1_1",57567173,57579893
"chr20",57578613,57578614,"A","G","ENSG00000101160.15_9","ENST00000681457.1_1",57567173,57579893
"chr20",57578851,57578852,"C","G","ENSG00000101160.15_9","ENST00000681457.1_1",57567173,57579893
